2020-04-17 16:00:00,2020-04-17 15:59:00,2020-04-17 15:58:00,2020-04-17 15:57:00,2020-04-17 15:56:00,2020-04-17 15:55:00,2020-04-17 15:54:00,2020-04-17 15:53:00,2020-04-17 15:52:00,2020-04-17 15:51:00,2020-04-17 15:50:00,2020-04-17 15:49:00,2020-04-17 15:48:00,2020-04-17 15:47:00,2020-04-17 15:46:00,2020-04-17 15:45:00,2020-04-17 15:44:00,2020-04-17 15:43:00,2020-04-17 15:42:00,2020-04-17 15:41:00,2020-04-17 15:40:00,2020-04-17 15:39:00,2020-04-17 15:38:00,2020-04-17 15:37:00,2020-04-17 15:36:00,2020-04-17 15:35:00,2020-04-17 15:34:00,2020-04-17 15:33:00,2020-04-17 15:32:00,2020-04-17 15:31:00,2020-04-17 15:30:00,2020-04-17 15:29:00,2020-04-17 15:28:00,2020-04-17 15:27:00,2020-04-17 15:26:00,2020-04-17 15:25:00,2020-04-17 15:24:00,2020-04-17 15:23:00,2020-04-17 15:22:00,2020-04-17 15:21:00,2020-04-17 15:20:00,2020-04-17 15:19:00,2020-04-17 15:18:00,2020-04-17 15:17:00,2020-04-17 15:16:00,2020-04-17 15:15:00,2020-04-17 15:14:00,2020-04-17 15:13:00,2020-04-17 15:12:00,2020-04-17 15:11:00,2020-04-17 15:10:00,2020-04-17 15:09:00,2020-04-17 15:08:00,2020-04-17 15:07:00,2020-04-17 15:06:00,2020-04-17 15:05:00,2020-04-17 15:04:00,2020-04-17 15:03:00,2020-04-17 15:02:00,2020-04-17 15:01:00,2020-04-17 15:00:00,2020-04-17 14:59:00,2020-04-17 14:58:00,2020-04-17 14:57:00,2020-04-17 14:56:00,2020-04-17 14:55:00,2020-04-17 14:54:00,2020-04-17 14:53:00,2020-04-17 14:52:00,2020-04-17 14:51:00,2020-04-17 14:50:00,2020-04-17 14:49:00,2020-04-17 14:48:00,2020-04-17 14:47:00,2020-04-17 14:46:00,2020-04-17 14:45:00,2020-04-17 14:44:00,2020-04-17 14:43:00,2020-04-17 14:42:00,2020-04-17 14:41:00,2020-04-17 14:40:00,2020-04-17 14:39:00,2020-04-17 14:38:00,2020-04-17 14:37:00,2020-04-17 14:36:00,2020-04-17 14:35:00,2020-04-17 14:34:00,2020-04-17 14:33:00,2020-04-17 14:32:00,2020-04-17 14:31:00,2020-04-17 14:30:00,2020-04-17 14:29:00,2020-04-17 14:28:00,2020-04-17 14:27:00,2020-04-17 14:26:00,2020-04-17 14:25:00,2020-04-17 14:24:00,2020-04-17 14:23:00,2020-04-17 14:22:00,2020-04-17 14:21:00
215.2300,215.0000,214.7600,214.8600,214.9600,215.2600,215.1400,214.9900,215.1300,215.2300,214.5400,214.5575,214.5355,214.5800,214.4700,214.3600,214.2885,214.4350,214.5799,214.5200,214.4499,214.4800,214.4900,214.1900,214.1750,214.2150,214.3100,214.2000,214.0100,213.9600,213.7989,213.7500,213.7200,213.6800,213.6250,213.5100,213.5400,213.5500,213.5300,213.6150,213.6200,213.5295,213.3700,213.3400,213.2400,213.2200,213.2200,213.1610,213.2300,213.1000,213.1700,213.0701,213.1500,213.1800,213.1100,213.0800,213.0811,213.0500,213.1800,212.8800,212.9400,212.9400,212.7964,212.7600,212.6500,212.5700,212.5900,212.6100,212.6600,212.6400,212.6600,212.6500,212.5900,212.5800,212.3800,212.4800,212.4200,212.4050,212.4001,212.1300,212.2500,212.2400,212.1600,212.1900,212.3200,212.4631,212.5200,212.5600,212.5200,212.6350,212.9266,213.0000,213.1300,213.2400,213.0400,213.0800,213.1800,213.1750,213.1900,213.1000
11.5700,11.5550,11.5501,11.5600,11.5650,11.5750,11.6050,11.5900,11.6050,11.6050,11.6350,11.6450,11.6250,11.6200,11.6350,11.6350,11.6201,11.6450,11.6550,11.6500,11.6400,11.6300,11.6150,11.6050,11.6250,11.6300,11.6350,11.6350,11.6250,11.6200,11.6299,11.6200,11.6200,11.6350,11.6350,11.6100,11.6200,11.6500,11.6650,11.6703,11.6700,11.6650,11.6650,11.6680,11.6750,11.6786,11.6800,11.6700,11.6800,11.6538,11.6650,11.6586,11.6750,11.6658,11.6600,11.6500,11.6750,11.6800,11.6850,11.6850,11.6900,11.6650,11.6450,11.6450,11.6350,11.6350,11.6425,11.6450,11.6550,11.6500,11.6700,11.7000,11.6901,11.6700,11.6500,11.6500,11.6400,11.6399,11.6350,11.6300,11.6350,11.6330,11.6103,11.6201,11.6250,11.6600,11.6350,11.6250,11.6201,11.6150,11.6200,11.6146,11.6200,11.6386,11.6100,11.6150,11.6400,11.6551,11.6650,11.6501
282.9000,282.5100,281.7000,282.1500,282.1600,282.2700,281.7900,281.5201,281.7500,281.8565,281.0000,281.2036,281.1550,281.3001,281.1900,281.0800,281.1700,281.4000,281.5874,281.4400,281.1975,281.1039,281.4300,280.6401,280.5499,280.6360,280.8400,280.5850,280.3650,280.2901,279.9863,279.9100,279.8500,280.0000,279.8599,279.6138,279.5866,279.4900,279.4300,279.7000,279.6652,279.2500,279.1700,279.0338,278.5900,278.5120,278.5750,278.5300,278.5800,278.4900,278.5799,278.2800,278.3600,278.3900,278.3200,278.2450,278.4200,278.4536,278.7500,278.3500,278.2900,278.3800,277.9400,278.0000,277.7028,277.6000,277.7500,277.6950,277.6501,277.4600,277.3800,277.4900,277.4300,277.5063,277.0802,277.4899,277.3200,277.3002,277.5000,277.1400,277.3400,277.5300,277.5136,277.3661,277.6900,277.8121,277.8700,277.7500,277.6400,278.0700,278.4178,278.5800,278.8800,279.0700,278.8100,278.8616,279.1056,279.1901,279.2600,279.2140
344.3100,344.7000,344.1500,343.5100,343.9700,344.8200,344.5700,344.3200,344.1000,343.6550,342.4300,342.3900,341.9700,341.7279,341.2900,341.0050,341.2400,341.4250,341.4600,341.5250,341.4100,341.3900,341.4800,341.1500,341.4900,341.5750,341.5550,341.0400,340.8200,340.9500,340.9150,340.8800,340.8700,340.8500,340.8900,340.5600,340.5900,340.6400,340.6800,340.9000,340.9700,340.9600,340.7550,340.9100,340.8600,340.9700,340.9700,341.0500,341.1750,341.1000,341.0600,340.9600,341.0200,341.0400,340.8900,340.8000,340.9500,340.9500,341.0750,340.9400,340.9599,340.9000,340.8000,340.8058,340.8450,340.6300,340.7050,340.8700,341.1700,341.0900,341.2300,341.1530,341.1200,341.1550,340.9600,340.9900,340.9000,341.0199,341.1700,340.7616,340.7000,340.7000,340.5600,340.8000,341.1000,341.1500,341.3958,341.4700,341.3200,341.5200,341.8500,341.9000,342.2900,342.2050,342.0400,342.2600,342.3680,342.1400,342.0800,342.0600
102.8100,102.7200,102.5900,102.7000,102.7200,102.9000,102.9200,102.9400,102.9850,103.1050,102.7200,102.7700,102.6900,102.7350,102.6700,102.5250,102.4500,102.5600,102.6700,102.6600,102.6200,102.6950,102.6450,102.4400,102.4500,102.4100,102.5650,102.4900,102.3900,102.4550,102.3700,102.3950,102.4000,102.4300,102.4550,102.4300,102.4500,102.4400,102.4100,102.4600,102.4700,102.5700,102.5000,102.4900,102.5000,102.5100,102.4350,102.3050,102.3500,102.2350,102.2500,102.1300,102.1600,102.1800,102.1400,102.1000,102.0150,102.0200,102.0700,101.9500,102.0100,101.8600,101.7900,101.7400,101.6200,101.6000,101.6300,101.6800,101.7750,101.8900,101.8300,101.7700,101.8100,101.8100,101.6550,101.7250,101.6000,101.5900,101.5400,101.4100,101.5000,101.4750,101.4200,101.4400,101.5300,101.6450,101.6700,101.7700,101.6800,101.7300,101.8500,101.9150,102.0200,102.0800,101.9750,102.0000,102.1050,102.1600,102.2050,102.1300
141.1000,140.9600,140.8700,140.9100,140.9200,141.0900,141.0000,140.6500,140.6900,141.0300,140.6300,140.5900,140.4800,140.5500,140.4850,140.4089,140.2800,140.3500,140.4300,140.4400,140.4100,140.3500,140.3700,140.1200,140.1350,140.0900,140.3150,140.1800,140.0100,140.0750,139.9500,139.9200,139.9300,139.9200,139.9400,139.9500,139.9000,139.9100,139.8800,139.8900,139.9700,140.0000,139.9100,139.9000,139.7600,139.7300,139.7600,139.7300,139.7400,139.6700,139.7500,139.6400,139.6800,139.5900,139.3200,139.1500,139.1150,139.1000,139.2200,138.9000,138.9761,139.1250,138.9800,139.0200,139.0500,138.9400,138.9900,139.0200,139.0250,138.9500,138.9500,139.0900,139.0800,138.9900,138.8425,138.7500,138.8400,138.9950,138.9250,138.7050,138.8800,138.7600,138.7300,138.8000,139.0100,139.0400,139.0000,139.1300,139.0450,139.1450,139.3000,139.3900,139.5470,139.6200,139.5000,139.5600,139.5950,139.5300,139.4500,139.4000
181.0300,181.0400,180.9900,181.2000,181.1100,181.2500,181.2600,180.9000,180.7850,181.0800,179.7200,179.9000,179.6906,179.6200,179.5300,179.4500,179.2600,179.2500,179.5000,179.5100,179.4900,179.6150,179.4600,179.1600,179.4500,179.7250,179.8900,179.4200,179.2700,179.2500,179.0900,179.1800,179.1900,179.2500,179.2300,179.1000,179.0200,179.0000,178.9900,179.0800,179.2100,179.1450,179.1700,179.0600,179.1850,179.1900,179.1250,178.8900,179.0300,178.9400,178.9650,178.9432,179.0900,179.0600,179.1600,179.0400,179.0900,179.1100,179.2500,179.0700,179.2200,178.9900,178.8900,179.1350,178.8340,178.7800,179.0584,179.0600,179.1000,179.0000,178.9800,179.0700,179.1200,179.1100,179.0400,179.0400,179.0800,179.2800,179.3850,179.3300,179.3450,179.3500,179.4900,179.8600,179.9250,180.3450,180.2300,180.6950,180.8900,180.9800,181.1900,181.2699,181.2100,181.1200,180.9250,180.9700,181.1700,181.1400,181.0000,181.1600
193.0100,192.5200,192.3000,192.6500,192.7200,192.7400,192.3800,192.2900,193.1100,193.1300,191.9400,192.3100,192.3700,191.9946,191.9000,191.5200,191.2200,191.4800,191.9800,191.9300,191.7900,191.6100,191.1300,190.7150,190.6000,190.4500,190.6750,190.5000,190.6950,190.7533,190.7600,190.6150,190.6000,190.6800,190.5350,190.4000,190.5100,190.5300,190.4200,190.5850,190.4400,190.4400,190.4400,190.4400,190.4400,190.4400,190.4400,190.4400,190.4400,190.4400,190.4400,190.4400,190.4400,190.4400,190.4400,190.4400,190.4400,190.4400,190.4400,190.4400,190.4400,190.4400,190.4400,190.4400,190.4400,190.4400,190.4400,190.4400,190.4400,190.4400,190.4400,190.4400,190.4400,190.4400,190.4400,190.4400,190.4400,190.4400,190.4400,190.4400,190.4400,190.4400,190.4400,190.4400,190.4400,190.4400,190.4400,190.4400,190.4400,190.4400,190.4400,190.4400,190.4400,190.4400,190.4400,190.4400,190.4400,190.4400,190.4400,190.4400
103.5000,103.2600,103.3600,103.3700,103.4600,103.7200,103.6700,103.6300,103.6500,103.5100,102.9900,102.9650,103.0100,103.1900,103.0700,103.0400,103.0200,103.0550,103.0400,103.0800,103.1250,103.2400,103.1300,103.0300,103.0450,103.0700,103.0550,102.9200,102.8900,102.8300,102.7850,102.7400,102.7100,102.6325,102.6475,102.6500,102.6200,102.6800,102.6200,102.6600,102.6400,102.6775,102.6850,102.7000,102.6000,102.5300,102.5300,102.5600,102.7200,102.6700,102.7300,102.6300,102.7850,102.8300,102.7800,102.8350,102.8600,102.7800,102.8350,102.7234,102.7900,102.7200,102.7100,102.7200,102.6450,102.6300,102.6100,102.4600,102.6500,102.7400,102.7300,102.8100,102.7400,102.7366,102.7400,102.6700,102.6800,102.6800,102.6800,102.5800,102.6600,102.6800,102.5100,102.7700,102.8000,102.7800,102.7200,102.6800,102.6000,102.6650,102.8100,102.8500,102.7600,102.7099,102.6100,102.6100,102.6900,102.6100,102.5900,102.5700
53.2000,53.1700,53.1050,53.1950,53.2750,53.4100,53.3800,53.3500,53.4200,53.5750,53.3250,53.3350,53.3000,53.3600,53.3400,53.3200,53.3000,53.3200,53.3900,53.3600,53.3650,53.3600,53.3700,53.2650,53.2150,53.1900,53.1950,53.1450,53.1200,53.1000,53.0350,53.0350,53.0050,53.0000,52.9950,52.9450,52.9300,52.9300,52.9200,52.9400,53.0000,53.0300,53.0100,52.9700,52.9400,52.9400,53.0100,52.9802,53.0250,52.9600,52.9900,52.9400,52.9500,52.9650,52.9500,52.9300,52.9300,52.9400,52.9000,52.7500,52.8000,52.8200,52.7700,52.7300,52.6700,52.6800,52.6600,52.7100,52.7800,52.8000,52.8200,52.8050,52.7800,52.8100,52.7400,52.8000,52.7700,52.7900,52.7700,52.7001,52.6700,52.6300,52.6150,52.6200,52.6300,52.7400,52.7600,52.7700,52.7500,52.7800,52.8400,52.8800,52.9150,52.9600,52.9300,52.9400,52.9900,52.9600,52.9350,52.8919
56.6000,56.5000,56.3450,56.3100,56.3601,56.4700,56.5090,56.4600,56.5159,56.6100,56.4450,56.4600,56.4801,56.5102,56.5350,56.5450,56.5220,56.5800,56.5501,56.5050,56.5375,56.5000,56.4800,56.3500,56.3250,56.3200,56.3635,56.3430,56.2950,56.2800,56.1500,56.1250,56.1050,56.0900,56.0900,56.0450,56.1096,56.1000,56.1100,56.1700,56.1950,56.2050,56.1250,56.1300,56.1000,56.1350,56.1150,56.1500,56.1511,56.0666,56.0900,56.0300,56.1170,56.1499,56.1410,56.1299,56.2000,56.2350,56.2900,56.1701,56.2400,56.2500,56.1850,56.1800,56.0600,55.9800,55.9429,55.9900,56.0650,56.0538,56.0604,56.0590,56.0300,56.0200,55.9050,55.9250,55.9600,55.9500,55.9250,55.7750,55.8200,55.7798,55.6700,55.7050,55.6950,55.7650,55.8400,55.9150,55.8800,55.9350,56.0550,56.0901,56.1900,56.1900,56.1200,56.1600,56.2000,56.2100,56.1750,56.1975
235.0500,235.0100,234.7500,234.8450,235.2500,235.2100,235.1300,235.0827,235.3100,235.0000,234.2800,234.1000,233.9200,233.8500,233.5400,233.1600,233.3500,233.5000,233.4800,233.0900,233.0198,233.0500,233.0000,232.8907,232.7100,232.4550,232.5300,232.2700,232.2800,232.1100,232.1000,232.0500,231.9600,232.0000,231.9800,231.8600,231.9100,231.9600,232.0700,232.1900,232.1900,232.0300,232.1150,232.1200,231.9500,231.9850,231.9600,231.7900,231.8950,231.8300,231.7000,231.7200,231.8000,231.8800,231.9300,231.9400,232.0300,232.2256,232.2600,232.0400,232.0800,232.1500,232.0100,231.9764,231.8650,231.8500,231.8000,231.7300,231.9300,232.0100,232.0000,231.9900,232.0800,231.9900,231.9100,231.8400,231.8400,231.8900,231.9100,231.6800,231.7400,231.7500,231.5700,231.5400,231.5500,231.5050,231.5500,231.5000,231.5813,231.5700,231.5538,231.8200,231.7500,231.8500,231.7300,231.8199,231.7600,231.7000,231.6400,231.6800
2374.9900,2370.0000,2364.5000,2368.4805,2370.9050,2377.1599,2371.6499,2369.1599,2371.4700,2371.0300,2364.9800,2365.3823,2367.4399,2365.2500,2363.0000,2363.8350,2363.4751,2365.7400,2368.6250,2367.8650,2367.9900,2369.6599,2368.8750,2366.0200,2365.3501,2370.0601,2370.9900,2368.4099,2365.7979,2364.4097,2361.2100,2358.4600,2359.0000,2356.1399,2355.2200,2353.0000,2356.9397,2355.7998,2354.7190,2358.1563,2355.9990,2354.2500,2351.5200,2348.3167,2348.3201,2348.1799,2346.9272,2344.6018,2343.6013,2342.1101,2344.2769,2345.6321,2348.1550,2347.7600,2346.0000,2343.0100,2342.1899,2340.3660,2341.3701,2336.0601,2337.0801,2337.2000,2336.8899,2336.6599,2335.5061,2334.0916,2335.2200,2334.7600,2335.6750,2332.5222,2334.2869,2336.2400,2332.8101,2333.0000,2330.1394,2332.2998,2330.6440,2329.8501,2330.4951,2329.0000,2330.2051,2330.1785,2328.2400,2328.5400,2327.7800,2330.1001,2331.4634,2330.3201,2329.3401,2333.1399,2338.0000,2337.1943,2339.6450,2340.3000,2337.8701,2336.5999,2336.2300,2336.4700,2338.0000,2334.9150
263.8100,263.7500,263.8900,263.9400,264.0500,264.2800,263.8400,262.9500,262.8800,262.8150,262.2000,262.4100,261.9000,262.2599,261.9400,261.9400,261.8000,261.9900,262.1600,262.1200,262.0800,261.9000,262.0700,261.8300,261.8300,261.8300,261.8300,261.8300,261.8300,261.8300,261.8300,261.8300,261.8300,261.8300,261.8300,261.8300,261.8300,261.8300,261.8300,261.8300,261.8300,261.8300,261.8300,261.8300,261.8300,261.8300,261.8300,261.8300,261.8300,261.8300,261.8300,261.8300,261.8300,261.8300,261.8300,261.8300,261.8300,261.8300,261.8300,261.8300,261.8300,261.8300,261.8300,261.8300,261.8300,261.8300,261.8300,261.8300,261.8300,261.8300,261.8300,261.8300,261.8300,261.8300,261.8300,261.8300,261.8300,261.8300,261.8300,261.8300,261.8300,261.8300,261.8300,261.8300,261.8300,261.8300,261.8300,261.8300,261.8300,261.8300,261.8300,261.8300,261.8300,261.8300,261.8300,261.8300,261.8300,261.8300,261.8300,261.8300
295.3600,295.6700,295.2500,295.7800,295.9800,296.6650,296.3650,296.4450,296.5400,296.9800,296.8700,296.8900,296.4900,296.4600,296.4050,296.1850,296.2600,296.3500,296.4900,296.4500,296.2450,296.3400,296.0700,295.8800,295.8800,295.8800,295.8800,295.8800,295.8800,295.8800,295.8800,295.8800,295.8800,295.8800,295.8800,295.8800,295.8800,295.8800,295.8800,295.8800,295.8800,295.8800,295.8800,295.8800,295.8800,295.8800,295.8800,295.8800,295.8800,295.8800,295.8800,295.8800,295.8800,295.8800,295.8800,295.8800,295.8800,295.8800,295.8800,295.8800,295.8800,295.8800,295.8800,295.8800,295.8800,295.8800,295.8800,295.8800,295.8800,295.8800,295.8800,295.8800,295.8800,295.8800,295.8800,295.8800,295.8800,295.8800,295.8800,295.8800,295.8800,295.8800,295.8800,295.8800,295.8800,295.8800,295.8800,295.8800,295.8800,295.8800,295.8800,295.8800,295.8800,295.8800,295.8800,295.8800,295.8800,295.8800,295.8800,295.8800
66.8800,66.8100,66.7300,66.7600,66.6800,66.7900,66.7450,66.7000,66.7873,66.8150,66.5603,66.4800,66.4400,66.4150,66.3500,66.3500,66.3000,66.3900,66.4500,66.4100,66.4600,66.5250,66.4250,66.3400,66.3750,66.3700,66.3650,66.2600,66.2200,66.2300,66.2350,66.2400,66.2500,66.1900,66.1500,66.1600,66.2300,66.2100,66.2000,66.2550,66.2084,66.1800,66.1650,66.1601,66.0900,65.9500,65.9800,65.9900,66.1200,66.0900,66.0200,66.0000,66.0050,66.0500,66.0500,65.9900,65.9800,65.9750,66.0050,65.9422,65.8650,65.8950,65.9100,65.9000,65.9800,65.8900,65.8800,65.8800,65.9200,65.8900,65.9000,65.8900,65.9400,65.9400,65.9100,65.8838,65.9700,66.0100,65.9900,65.9500,65.9966,66.0000,65.9900,65.9998,66.0300,66.1300,66.2000,66.2650,66.2700,66.3200,66.5200,66.5450,66.6000,66.6000,66.5900,66.6200,66.6100,66.5800,66.5200,66.5600
265.8800,265.4800,265.3200,265.2628,265.6800,266.2100,266.2500,266.4000,266.5800,267.0400,266.4500,266.9800,267.0840,267.1100,267.1000,267.0469,266.8150,266.9700,266.7500,266.8600,266.8100,267.1200,266.7000,266.0000,265.9600,266.0400,266.1500,266.1500,265.8700,266.0400,265.8350,266.0500,265.9350,265.9400,265.9400,265.7450,265.9100,265.5850,265.6900,265.5850,265.7500,265.6300,265.2300,265.2900,265.3050,265.4450,265.5100,265.7500,265.9300,265.6750,265.9050,265.5900,265.5950,265.8750,265.5000,265.3300,265.3800,265.0100,265.1150,264.8700,264.7950,264.4600,264.3900,264.0200,263.6600,263.4000,263.4900,263.6900,264.1000,264.0200,264.0200,263.9150,263.8200,264.1200,263.5950,263.3750,263.4200,263.3700,263.1269,262.5900,262.9750,262.9900,262.8850,262.7700,262.9800,263.1000,263.1500,263.1550,263.0700,263.3250,263.7800,263.8950,264.1900,264.3150,264.1650,264.0800,264.4000,264.5000,264.4350,264.3850
105.0000,104.7600,104.7000,104.8100,104.9050,105.0800,105.0250,104.9550,105.0000,105.1000,104.8900,104.9250,104.9400,104.9400,104.9433,104.9300,104.9650,104.9650,105.0000,104.9750,104.9550,104.9200,104.8800,104.7300,104.8200,104.8250,104.9300,104.9300,104.9300,104.8720,104.8350,104.7600,104.7700,104.7301,104.7150,104.6000,104.5850,104.5400,104.4975,104.5250,104.5900,104.5800,104.5000,104.5300,104.5000,104.5000,104.4850,104.5500,104.4925,104.5500,104.5000,104.5450,104.4800,104.4400,104.3200,104.3250,104.3450,104.3446,104.3300,104.2250,104.2850,104.2900,104.2800,104.1250,104.1000,104.0400,104.0100,104.0800,104.1050,104.1000,104.1300,104.1700,104.1400,104.1300,104.0900,104.1100,104.0700,104.0300,103.9000,103.8450,103.8400,103.7050,103.7200,103.8600,103.8900,103.9400,103.9436,103.9100,103.9000,103.8800,103.9500,103.9500,103.9200,103.8700,103.8000,103.6300,103.5500,103.5000,103.5300,103.4200
343.0900,343.5000,343.2400,344.1750,343.2900,342.3600,341.4800,340.5500,340.4700,340.3200,339.6800,339.7000,340.0100,340.2400,339.9000,339.3350,339.5000,339.5300,339.5700,339.4500,339.4050,339.4100,339.2900,338.8100,338.7050,338.6400,338.6750,338.2700,338.1300,338.1200,338.0252,337.7800,337.7500,337.4100,337.0600,336.8400,336.8600,336.4900,336.5250,336.3300,336.1600,335.9900,336.2600,336.2800,336.1050,336.3150,336.4200,336.6000,336.7500,336.6000,336.4200,336.3400,336.1600,336.6650,336.9400,337.2100,337.0000,337.1400,337.1600,336.9700,336.9850,337.1500,337.0000,337.0250,337.3300,337.4900,337.2000,337.1600,336.9500,337.0900,336.9800,336.8800,336.6900,336.5426,336.1300,335.8750,335.8200,335.7200,335.8050,335.3800,335.3300,335.4700,335.6100,336.1100,335.8950,336.2700,336.1400,336.0000,335.6100,335.8000,335.8650,336.0750,336.3300,336.1300,336.3500,336.7000,336.8200,337.1600,337.3100,337.4000
1470.8700,1467.1400,1466.8800,1469.4399,1470.0000,1472.3550,1471.8800,1471.0800,1473.6057,1472.5100,1466.3500,1468.5300,1467.4000,1467.4050,1468.4000,1468.8101,1467.6250,1468.6600,1469.2000,1469.3500,1468.0250,1467.5699,1466.7200,1466.0000,1467.8700,1466.0101,1468.4700,1469.9900,1470.0000,1467.1000,1467.7300,1467.8600,1467.8600,1467.8600,1467.8600,1467.8600,1467.8600,1467.8600,1467.8600,1467.8600,1467.8600,1467.8600,1467.8600,1467.8600,1467.8600,1467.8600,1467.8600,1467.8600,1467.8600,1467.8600,1467.8600,1467.8600,1467.8600,1467.8600,1467.8600,1467.8600,1467.8600,1467.8600,1467.8600,1467.8600,1467.8600,1467.8600,1467.8600,1467.8600,1467.8600,1467.8600,1467.8600,1467.8600,1467.8600,1467.8600,1467.8600,1467.8600,1467.8600,1467.8600,1467.8600,1467.8600,1467.8600,1467.8600,1467.8600,1467.8600,1467.8600,1467.8600,1467.8600,1467.8600,1467.8600,1467.8600,1467.8600,1467.8600,1467.8600,1467.8600,1467.8600,1467.8600,1467.8600,1467.8600,1467.8600,1467.8600,1467.8600,1467.8600,1467.8600,1467.8600
89.1000,88.9700,88.8600,88.9000,88.9000,89.1300,88.7700,88.6700,88.7100,88.7100,88.4500,88.4700,88.4000,88.4000,88.3600,88.3100,88.2500,88.3600,88.3300,88.1500,88.0800,88.1000,88.0900,88.0400,88.0900,88.0800,88.0400,88.0500,87.9450,88.0500,88.1700,88.0700,87.9900,87.9950,88.0200,87.9800,87.9024,87.9000,87.7900,87.7600,87.7050,87.6400,87.5900,87.6200,87.4800,87.4100,87.3800,87.4300,87.4100,87.4100,87.4900,87.4200,87.6500,87.6600,87.6800,87.6200,87.6400,87.5600,87.5200,87.4900,87.4500,87.5400,87.6400,87.5700,87.6500,87.6200,87.6800,87.6000,87.5566,87.5400,87.3800,87.3500,87.3000,87.2700,87.2600,87.2200,87.2400,87.2100,87.1500,87.0700,87.1500,87.2600,87.2800,87.2200,87.2050,87.1450,87.1550,87.2300,87.3200,87.3600,87.4000,87.4200,87.4500,87.4500,87.3800,87.4800,87.4600,87.4500,87.4500,87.4300
78.6200,78.5500,78.5450,78.5700,78.6700,78.7250,78.7900,78.8200,78.8900,78.9000,78.7600,78.7400,78.7200,78.7700,78.7300,78.7400,78.7300,78.7400,78.7300,78.7100,78.7250,78.7400,78.7050,78.5800,78.6450,78.7200,78.7700,78.7300,78.6400,78.6500,78.6000,78.6300,78.6300,78.6100,78.5900,78.5800,78.6100,78.5800,78.6200,78.6300,78.7200,78.7000,78.6600,78.6900,78.6600,78.6700,78.7200,78.6500,78.7300,78.6600,78.6400,78.6295,78.5900,78.6000,78.6000,78.6200,78.6600,78.6500,78.6900,78.5900,78.6500,78.6500,78.5900,78.6200,78.5750,78.5600,78.6200,78.6200,78.6300,78.6600,78.6700,78.7500,78.7400,78.7000,78.6400,78.6100,78.6500,78.6848,78.7100,78.6200,78.6300,78.5715,78.5500,78.5300,78.5500,78.6400,78.6100,78.5900,78.6300,78.6600,78.7500,78.8500,78.9700,79.0000,78.9500,78.9400,79.0000,78.9800,78.9700,78.9100
108.8600,108.9400,108.6900,108.7500,108.7300,108.9200,108.7800,108.7000,108.9050,108.9300,108.6600,108.6500,108.4000,108.3900,108.2500,108.1600,107.9900,108.1000,108.1900,108.0800,108.0100,107.9700,108.0100,107.8650,107.9100,107.8650,107.9000,107.9300,107.7700,107.8350,107.7000,107.7000,107.6990,107.7259,107.7000,107.6100,107.6300,107.6600,107.6300,107.6600,107.7800,107.9450,107.9400,107.9700,107.9300,108.0700,108.0750,108.0750,108.0750,108.0750,108.0750,108.0750,108.0750,108.0750,108.0750,108.0750,108.0750,108.0750,108.0750,108.0750,108.0750,108.0750,108.0750,108.0750,108.0750,108.0750,108.0750,108.0750,108.0750,108.0750,108.0750,108.0750,108.0750,108.0750,108.0750,108.0750,108.0750,108.0750,108.0750,108.0750,108.0750,108.0750,108.0750,108.0750,108.0750,108.0750,108.0750,108.0750,108.0750,108.0750,108.0750,108.0750,108.0750,108.0750,108.0750,108.0750,108.0750,108.0750,108.0750,108.0750
70.0200,70.0600,70.0050,70.0050,70.0600,70.0200,70.0600,70.0900,70.0700,70.0850,69.9800,70.0300,69.9850,69.9900,69.9700,69.9650,69.9000,69.9450,69.9900,69.9400,69.9900,70.0950,70.0800,69.9850,70.0000,69.9600,70.0300,69.9600,69.9000,69.9100,69.9250,69.9100,69.9000,69.8400,69.8600,69.7650,69.7900,69.7300,69.7400,69.8000,69.8800,69.8400,69.8300,69.8200,69.7500,69.8000,69.7800,69.7850,69.8300,69.8250,69.8700,69.8900,69.9300,69.9350,69.9200,69.9000,69.9100,69.8900,69.8600,69.7950,69.8400,69.8200,69.8000,69.8700,69.8400,69.8400,69.8600,69.9100,69.9100,69.9500,69.9700,69.9900,69.9900,69.9600,69.9300,69.8500,69.8250,69.7800,69.7800,69.7550,69.7800,69.7700,69.7400,69.7000,69.7200,69.7900,69.7900,69.8700,69.8300,69.8100,69.8850,69.8850,69.9000,69.9300,69.8800,69.8700,69.8800,69.8700,69.9000,69.8800
106.1700,106.1300,106.0500,106.0200,106.0200,106.2200,106.2450,106.2000,106.3100,106.4850,106.5900,106.5900,106.5000,106.5500,106.4501,106.4101,106.4500,106.6150,106.5522,106.6900,106.6100,106.7200,106.7200,106.6300,106.5350,106.5100,106.6100,106.5000,106.3900,106.3700,106.5200,106.4800,106.4200,106.3200,106.2400,106.2750,106.2800,106.3300,106.3100,106.3400,106.3900,106.3900,106.3000,106.3700,106.3200,106.3300,106.2750,106.3000,106.3500,106.3000,106.3200,106.2300,106.3950,106.3700,106.3900,106.3900,106.4350,106.4800,106.5200,106.3950,106.4100,106.3600,106.2900,106.3200,106.2900,106.3000,106.3400,106.3000,106.3800,106.3800,106.3400,106.2800,106.3400,106.3300,106.1600,106.1200,106.1500,106.2400,106.1900,106.1100,106.1400,106.1500,106.1500,106.1500,106.1100,106.1700,106.3300,106.2700,106.2500,106.2400,106.4000,106.3200,106.4450,106.4100,106.2300,106.2100,106.2800,106.2800,106.3000,106.3900
499.6300,499.8500,499.3300,499.5350,499.3500,499.7100,499.6300,499.4300,499.2300,499.1800,497.2700,496.8150,496.3900,497.5200,497.0050,496.3700,495.9650,496.0150,496.3900,496.5700,495.9550,495.7350,496.1200,495.5399,495.1400,496.0850,496.1200,495.6750,495.1898,494.0800,493.7050,493.3400,492.1900,491.7850,491.6700,491.0700,491.0600,491.3350,491.6150,491.6700,492.1000,491.9550,491.5850,492.4350,491.4550,490.0550,489.1150,488.9700,488.9550,488.8300,488.6000,488.6650,489.0300,488.5800,488.0450,487.5700,487.2400,487.6100,487.6500,487.4100,487.6400,487.5000,487.5400,488.0700,487.9900,487.6375,487.5200,487.5000,487.8100,487.8400,487.6700,487.8200,488.2000,488.2400,488.4850,488.4900,488.3900,488.5050,488.5800,488.2450,489.1200,489.2700,489.1600,488.6300,489.0100,489.3850,489.7250,489.7000,489.4900,489.2400,490.3700,490.1600,490.4750,490.6900,490.4450,489.9450,490.7000,490.8000,490.6800,490.7700
38.0800,38.0200,37.9550,37.9700,38.0050,38.0215,38.0150,37.9950,38.0450,38.0950,38.0050,38.0300,38.0100,38.0500,38.0250,37.9650,37.9000,37.9400,37.9500,37.9150,37.8980,37.8900,37.9200,37.8650,37.8850,37.9000,37.9150,37.9000,37.9050,37.8850,37.8500,37.8150,37.7800,37.8150,37.8200,37.8000,37.7957,37.8050,37.8250,37.8550,37.8800,37.8600,37.8650,37.8950,37.8500,37.8450,37.8670,37.8450,37.8400,37.8450,37.8600,37.8650,37.8500,37.8050,37.7750,37.7650,37.7550,37.7600,37.7900,37.7450,37.7900,37.7700,37.7650,37.7450,37.7400,37.6950,37.7150,37.7200,37.7250,37.7390,37.7300,37.7700,37.7450,37.7250,37.7200,37.7150,37.7200,37.7150,37.7200,37.6850,37.7450,37.7444,37.7250,37.7150,37.7450,37.7500,37.7250,37.7150,37.7250,37.7300,37.7500,37.7650,37.7986,37.8000,37.7750,37.7650,37.7900,37.8050,37.7800,37.7750
317.8800,317.4708,317.0850,316.6700,317.0700,317.5700,317.4000,317.7100,318.0500,318.2000,318.1550,318.2260,317.8300,317.5100,317.4400,317.0300,317.0096,317.1300,317.2300,317.2000,317.0100,316.7600,316.7418,316.5000,316.2100,316.1500,316.2300,316.2500,316.2600,316.3500,316.2308,316.1300,316.1300,316.2100,316.1800,316.0582,315.9550,315.9900,315.8650,315.9885,315.8500,315.6051,315.4150,315.4200,315.2400,315.1800,314.8100,314.9062,315.3650,315.2700,315.4402,315.3800,315.4450,315.3900,315.2445,315.3300,315.3200,315.3400,315.6300,315.0100,315.1000,315.0700,314.7460,315.2050,314.8700,314.9900,315.1100,315.1750,315.1300,315.4063,315.2400,315.2400,315.1850,314.9996,315.0100,315.0700,314.8665,314.6800,314.7200,314.6300,314.4800,314.2200,314.1500,314.1250,314.1800,314.7400,314.7750,315.0300,314.9500,315.3900,315.5200,315.3850,315.4400,315.2050,315.2600,315.4800,315.5115,315.5700,315.5400,315.5839
72.0800,72.0500,72.1100,72.1000,72.1000,72.0900,72.1500,72.2050,72.1400,72.1350,72.1700,72.1600,72.2100,72.2200,72.2400,72.2300,72.2000,72.2300,72.2100,72.1900,72.2650,72.2250,72.2900,72.2500,72.1500,72.1500,72.1500,72.1500,72.1500,72.1500,72.1500,72.1000,72.1000,72.1000,72.0900,72.0700,72.0400,72.0500,72.0150,72.1100,72.1700,72.1500,72.1600,72.1550,72.1100,72.1100,72.1900,72.1650,72.2000,72.1600,72.2050,72.2000,72.2000,72.1850,72.2950,72.3000,72.2700,72.3100,72.3300,72.3000,72.2950,72.3300,72.3200,72.3200,72.1750,72.1050,72.1200,72.1700,72.2000,72.3000,72.2900,72.3300,72.3500,72.2950,72.2700,72.2900,72.2600,72.2300,72.2951,72.2100,72.3300,72.2900,72.2900,72.2480,72.2850,72.2400,72.1850,72.2700,72.2402,72.2600,72.3500,72.3420,72.3400,72.2800,72.2200,72.2500,72.2902,72.2600,72.2800,72.3350
42.4800,42.4950,42.4080,42.4354,42.4550,42.5350,42.5050,42.4850,42.4750,42.4500,42.3650,42.3510,42.3550,42.3600,42.3300,42.2998,42.2800,42.3000,42.3450,42.2800,42.2350,42.2400,42.2299,42.1550,42.1950,42.1860,42.2050,42.1650,42.1350,42.1200,42.0850,42.0700,42.0800,42.0950,42.1000,42.1200,42.1150,42.1200,42.1300,42.1750,42.1600,42.1650,42.1600,42.1800,42.1550,42.1800,42.1950,42.1984,42.2250,42.1900,42.2150,42.1850,42.1896,42.1700,42.1600,42.1700,42.1700,42.1850,42.2000,42.1750,42.1900,42.1700,42.1250,42.0950,42.0750,42.0600,42.0700,42.0350,42.0600,42.0590,42.0400,42.0300,42.0550,42.0450,42.0200,42.0479,42.0450,42.0300,42.0193,41.9800,42.0000,41.9800,41.9800,41.9800,42.0150,42.0200,42.0300,42.0299,41.9950,42.0100,42.0600,42.0750,42.1000,42.1100,42.0600,42.0950,42.1250,42.1000,42.0800,42.0600
635.5400,635.4850,635.2200,637.2400,635.1700,635.4400,636.1900,633.5500,634.6800,633.5700,632.5000,633.0600,632.3350,633.1900,633.2850,634.6600,633.5100,633.3100,633.5500,634.1350,634.9300,634.6150,634.3700,633.0000,634.5700,634.1600,635.1300,633.3550,633.7450,635.7050,634.5194,631.7000,633.6600,634.2700,633.1100,634.1850,634.1800,635.5800,636.4948,637.6500,638.0100,638.1994,638.0950,637.9600,637.9600,637.9600,637.9600,637.9600,637.9600,637.9600,637.9600,637.9600,637.9600,637.9600,637.9600,637.9600,637.9600,637.9600,637.9600,637.9600,637.9600,637.9600,637.9600,637.9600,637.9600,637.9600,637.9600,637.9600,637.9600,637.9600,637.9600,637.9600,637.9600,637.9600,637.9600,637.9600,637.9600,637.9600,637.9600,637.9600,637.9600,637.9600,637.9600,637.9600,637.9600,637.9600,637.9600,637.9600,637.9600,637.9600,637.9600,637.9600,637.9600,637.9600,637.9600,637.9600,637.9600,637.9600,637.9600,637.9600
62.7800,62.8100,62.7600,62.7100,62.7700,62.8600,62.9588,62.9400,63.0000,63.0503,63.0700,63.0600,62.9400,63.0000,62.9550,62.8700,62.7900,62.8250,62.8100,62.7350,62.7350,62.7300,62.7350,62.6700,62.6900,62.6800,62.7200,62.6700,62.6600,62.6900,62.6700,62.6250,62.6100,62.6100,62.6150,62.5100,62.4600,62.4750,62.5425,62.6000,62.6400,62.6300,62.6400,62.6450,62.5700,62.5650,62.5900,62.5400,62.6000,62.5700,62.5700,62.5100,62.5500,62.5400,62.5250,62.5600,62.5000,62.5200,62.5100,62.4350,62.4718,62.4750,62.4400,62.3900,62.3650,62.3406,62.3800,62.4100,62.4100,62.4299,62.4300,62.4700,62.4300,62.4100,62.3700,62.3900,62.4100,62.3800,62.3600,62.2600,62.3400,62.2700,62.2200,62.1800,62.1800,62.2750,62.2750,62.2900,62.3200,62.3200,62.3900,62.4500,62.4900,62.5000,62.5200,62.5400,62.5500,62.4900,62.5000,62.4612
204.1500,204.2000,204.3800,204.5050,204.6600,204.7499,204.4600,204.2750,204.1700,204.2500,203.3400,203.2900,202.7500,203.1400,203.0300,202.9200,202.7200,202.9900,203.0300,202.5800,202.6400,202.5000,202.7850,202.5900,202.5300,202.5600,202.6800,202.4300,202.4300,202.4300,202.4300,202.4300,202.4300,202.4300,202.4300,202.4300,202.4300,202.4300,202.4300,202.4300,202.4300,202.4300,202.4300,202.4300,202.4300,202.4300,202.4300,202.4300,202.4300,202.4300,202.4300,202.4300,202.4300,202.4300,202.4300,202.4300,202.4300,202.4300,202.4300,202.4300,202.4300,202.4300,202.4300,202.4300,202.4300,202.4300,202.4300,202.4300,202.4300,202.4300,202.4300,202.4300,202.4300,202.4300,202.4300,202.4300,202.4300,202.4300,202.4300,202.4300,202.4300,202.4300,202.4300,202.4300,202.4300,202.4300,202.4300,202.4300,202.4300,202.4300,202.4300,202.4300,202.4300,202.4300,202.4300,202.4300,202.4300,202.4300,202.4300,202.4300
53.8300,53.8301,53.7400,53.7400,53.7750,53.8800,53.8300,53.7700,53.8100,53.8400,53.7150,53.6700,53.6200,53.6100,53.5600,53.5500,53.5000,53.5550,53.5900,53.5668,53.5550,53.5400,53.5100,53.4400,53.4700,53.4250,53.4600,53.3900,53.3400,53.3500,53.2700,53.2100,53.1800,53.1700,53.2000,53.1500,53.1150,53.1800,53.1800,53.1900,53.2400,53.2500,53.1900,53.1600,53.1700,53.1800,53.2100,53.2100,53.2550,53.2100,53.2400,53.2200,53.2300,53.2250,53.2200,53.1900,53.1300,53.1400,53.1700,53.1100,53.1400,53.1500,53.1400,53.1000,53.0600,53.0200,53.1000,53.1100,53.1300,53.1700,53.1500,53.1100,53.0550,53.0400,53.0200,53.0500,53.0300,53.0200,53.0200,52.9300,52.9800,52.9500,52.9400,52.9300,52.9700,53.0300,53.0700,53.1150,53.0700,53.1200,53.2200,53.2500,53.3100,53.2900,53.1903,53.2400,53.2700,53.2600,53.2450,53.2100
150.4500,150.5000,150.4973,150.4100,150.3400,150.5700,150.5600,150.6300,150.5800,150.5700,150.3300,150.3300,150.3200,150.3200,150.3150,150.2500,150.1200,150.2100,150.3500,150.3600,150.4250,150.4450,150.3550,150.3400,150.3600,150.2733,150.2900,150.1900,150.0200,149.9500,150.0400,149.9100,149.9400,149.8800,149.8300,149.8100,149.8000,149.9000,149.9150,149.9100,149.9300,149.8700,149.8500,149.9000,149.8000,149.7600,149.7400,149.7800,149.8300,149.8850,149.8600,149.8170,149.8600,149.9300,149.9100,149.9600,149.9000,149.8250,149.8700,149.8200,149.8800,149.9100,149.9000,149.9300,149.8200,149.8300,149.7350,149.7400,149.8450,149.8300,149.7200,149.7200,149.6750,149.6550,149.5850,149.4800,149.4400,149.2400,149.2500,149.1500,149.2600,149.2000,149.2000,149.2000,149.1700,149.2600,149.3700,149.4000,149.5400,149.7300,149.8600,149.8900,149.9700,150.0500,149.9900,149.8950,149.8600,149.9100,149.9100,149.8900
81.7400,81.8100,81.6700,81.7200,81.7800,81.8600,81.7500,81.5200,81.5900,81.6300,81.4050,81.3850,81.3400,81.5184,81.4200,81.2700,81.2500,81.2400,81.1600,81.0200,80.9000,80.7650,80.8200,80.7700,80.8200,80.8800,81.0400,81.1000,81.0400,81.0600,81.0400,81.0500,81.0050,80.9350,80.8600,80.6900,80.6350,80.6350,80.5700,80.5900,80.6500,80.6200,80.6200,80.5450,80.5250,80.5600,80.5800,80.5500,80.5400,80.6000,80.5600,80.4770,80.4400,80.4200,80.3800,80.4600,80.5300,80.5600,80.5500,80.4350,80.4800,80.4200,80.3800,80.3950,80.4900,80.4300,80.5100,80.5000,80.5700,80.5900,80.6500,80.6600,80.6450,80.5850,80.5550,80.6100,80.5900,80.4850,80.4150,80.3300,80.4900,80.4640,80.4700,80.4500,80.4211,80.5350,80.6000,80.6100,80.6300,80.6625,80.7600,80.7283,80.8100,80.8000,80.8000,80.8000,80.8550,80.8799,80.8200,80.8100
115.1800,115.0050,114.9100,114.9700,115.1200,115.2604,115.3200,115.3000,115.2200,115.2500,114.7700,114.7100,114.8500,114.8600,114.7800,114.7700,114.7200,114.9000,114.9200,114.9100,114.9300,114.9500,114.7922,114.6100,114.6000,114.5700,114.5700,114.3100,114.2450,114.2550,114.2500,114.2400,114.3200,114.2800,114.2500,114.3000,114.2900,114.3300,114.3800,114.4650,114.3000,114.3200,114.2900,114.3000,114.3550,114.4700,114.4850,114.5350,114.5800,114.5500,114.5800,114.6185,114.5300,114.6700,114.6950,114.4500,114.3950,114.3200,114.3650,114.1300,114.1100,114.1200,113.9800,113.9100,113.9500,113.8100,113.7800,113.7300,113.7400,113.6240,113.6350,113.5800,113.4700,113.5300,113.5800,113.4800,113.7400,113.7400,113.7400,113.7600,113.8250,113.7950,113.7300,113.7400,113.7900,113.9000,114.0200,113.9750,114.0100,114.2600,114.4900,114.4200,114.4100,114.5000,114.3900,114.4300,114.4600,114.3800,114.3600,114.5200
37.4600,37.4900,37.4450,37.4600,37.4550,37.4800,37.4700,37.4850,37.4900,37.5000,37.4850,37.4450,37.4200,37.4200,37.3550,37.3450,37.3400,37.3600,37.3700,37.3500,37.3200,37.3200,37.3200,37.2950,37.2850,37.2700,37.3150,37.2500,37.2100,37.2000,37.1500,37.1250,37.1300,37.1300,37.1100,37.1000,37.1000,37.0900,37.0850,37.1050,37.0850,37.0200,37.0200,37.0200,37.0200,37.0200,37.0750,37.0750,37.1000,37.0600,37.0000,37.0489,37.0300,37.0200,37.0500,37.1250,37.0200,37.1400,37.1700,37.1100,37.0950,37.0800,37.0850,37.0550,37.0850,37.0900,37.0800,37.0900,37.0900,37.1400,37.1300,37.1050,37.1100,37.1050,37.1150,37.0950,37.0850,37.1000,37.1100,37.1100,37.1000,37.0900,37.1100,37.1000,37.1250,37.1700,37.1800,37.1750,37.2000,37.2100,37.2600,37.2450,37.2700,37.2750,37.2450,37.2450,37.2850,37.2600,37.2900,37.2450
38.4400,38.4100,38.4000,38.3750,38.4300,38.5200,38.4700,38.4800,38.4900,38.4950,38.3200,38.2850,38.2800,38.3250,38.2950,38.2300,38.1600,38.2000,38.2300,38.2100,38.1900,38.1750,38.1800,38.0900,38.1050,38.0950,38.1350,38.0900,38.0600,38.0550,38.0150,37.9900,37.9550,37.9600,37.9200,37.8900,37.8500,37.8500,37.8500,37.8800,37.9050,37.8900,37.9000,37.9000,37.8400,37.8900,37.8800,37.8500,37.8500,37.8400,37.8550,37.8300,37.8350,37.8450,37.8400,37.8300,37.8100,37.8100,37.8500,37.7900,37.8000,37.8050,37.7850,37.7750,37.7700,37.8150,37.8600,37.8600,37.8600,37.8800,37.8721,37.8850,37.8400,37.8500,37.8000,37.8400,37.8300,37.8200,37.7900,37.7290,37.8050,37.7450,37.7355,37.7350,37.7600,37.7900,37.7750,37.7700,37.7500,37.7600,37.8100,37.8150,37.8700,37.8900,37.8600,37.8800,37.8900,37.9000,37.9100,37.8670
63.1900,63.3800,63.3100,63.2400,63.2800,63.3800,63.2100,63.1799,63.1400,63.1200,62.8150,62.8400,62.7100,62.6400,62.6700,62.6000,62.4900,62.5800,62.5900,62.6300,62.6350,62.5950,62.5000,62.2800,62.2500,62.2650,62.3800,62.3950,62.2250,62.3050,62.3102,62.3002,62.2302,62.2900,62.2400,62.1600,62.0300,62.0400,61.9800,62.0550,62.2200,62.1900,62.1300,62.1850,62.1301,62.2050,62.2700,62.3300,62.3700,62.4000,62.4100,62.4000,62.4300,62.4500,62.4100,62.3800,62.4300,62.2800,62.3500,62.1500,62.2400,62.2800,62.3150,62.1650,62.1500,62.0650,62.2401,62.4000,62.4100,62.4610,62.4600,62.3900,62.3600,62.4500,62.3400,62.2600,62.1100,62.1100,62.1500,62.0200,62.0646,62.0866,62.0600,62.0600,62.1850,62.2700,62.2400,62.1700,62.0600,62.0700,62.2100,62.2000,62.3100,62.3500,62.3200,62.2600,62.4100,62.4900,62.5400,62.4900
35.9300,35.9400,35.8700,35.9100,35.9250,35.9900,35.9950,35.9800,35.9900,36.0300,35.9250,35.9100,35.8600,35.8550,35.8050,35.7450,35.7350,35.7800,35.8000,35.7750,35.7500,35.7400,35.7350,35.6950,35.7100,35.7400,35.8000,35.7800,35.7250,35.7400,35.7350,35.7350,35.7000,35.7200,35.7200,35.7200,35.7000,35.7100,35.7000,35.7150,35.7200,35.7250,35.7200,35.7150,35.7000,35.7000,35.7100,35.6900,35.6450,35.6300,35.6300,35.6200,35.6400,35.6250,35.6100,35.5850,35.6000,35.6100,35.6300,35.5900,35.6250,35.6300,35.6000,35.5600,35.5200,35.5100,35.5600,35.5800,35.5800,35.6100,35.6000,35.5821,35.5700,35.5750,35.5500,35.5100,35.5200,35.4900,35.4800,35.4250,35.4700,35.4400,35.4300,35.4500,35.4200,35.4550,35.4700,35.4500,35.5100,35.5700,35.6200,35.6147,35.6600,35.6600,35.6600,35.6700,35.6800,35.6600,35.6300,35.6150
179.2700,179.0200,178.8600,179.0500,179.1100,179.4400,179.2499,179.0000,179.1150,179.1000,178.6350,178.5400,178.5500,178.5850,178.5200,178.4500,178.4600,178.3950,178.6200,178.5600,178.4697,178.4500,178.4100,178.2200,178.1400,178.1350,178.2400,178.3700,178.3000,178.2100,178.1950,178.2050,178.2300,178.1799,178.0400,177.8750,177.8400,177.8000,177.7500,177.8250,177.9200,177.9450,177.8300,177.8600,177.8500,177.8100,177.7700,177.6900,177.7900,177.8300,177.8800,177.8500,177.9250,177.9800,177.8400,177.8099,177.7000,177.7650,177.8600,177.7281,177.7900,177.7800,177.5599,177.3500,177.1820,177.1100,177.1600,177.2186,177.3500,177.3350,177.3300,177.2850,177.2800,177.1800,177.0200,177.0500,177.0650,177.0899,177.0000,176.6920,176.7700,176.7671,176.7700,176.8200,176.9400,177.0100,177.0900,177.1100,177.1750,177.2250,177.4700,177.5600,177.6100,177.6600,177.4400,177.4900,177.5965,177.6600,177.6550,177.5100
100.6150,100.3750,100.3100,100.3300,100.5100,100.6700,100.6300,100.5550,100.5100,100.6500,100.0300,100.0900,100.0200,100.0100,100.0380,100.0100,100.0000,99.9900,100.0300,99.9950,100.0000,99.9700,100.0000,99.9700,99.9800,99.9300,100.0450,99.9900,100.0000,100.0100,100.0100,100.0050,99.9850,99.9900,99.9600,99.9100,99.9000,99.8400,99.8100,99.8700,99.8600,99.7950,99.6700,99.6600,99.6400,99.6600,99.6700,99.6400,99.6950,99.6700,99.6400,99.6200,99.5800,99.6200,99.6200,99.6550,99.5400,99.5000,99.4700,99.3400,99.4100,99.4700,99.4100,99.4200,99.3700,99.3900,99.5000,99.5300,99.5400,99.5200,99.5000,99.5400,99.5000,99.5500,99.5100,99.4700,99.3600,99.4250,99.3000,99.1500,99.1664,99.1000,99.1100,99.1600,99.3100,99.3650,99.4250,99.3500,99.3250,99.3500,99.3900,99.3350,99.3900,99.4800,99.3800,99.4400,99.4800,99.5300,99.5200,99.5300
26.2200,26.2500,26.2300,26.2300,26.2600,26.2900,26.2100,26.2300,26.2700,26.2800,26.2100,26.2500,26.2200,26.2400,26.2000,26.2100,26.1900,26.2200,26.1700,26.1600,26.1400,26.1300,26.1650,26.1200,26.1300,26.0750,26.1200,26.0550,26.0500,26.0450,26.0090,25.9900,25.9400,25.9300,25.9200,25.8900,25.8500,25.8600,25.8200,25.8550,25.8900,25.8900,25.9000,25.8800,25.8450,25.8400,25.8600,25.8900,25.9050,25.8950,25.8700,25.8800,25.8600,25.8350,25.7950,25.7600,25.7600,25.7350,25.7550,25.7650,25.7900,25.7850,25.7800,25.7700,25.7800,25.7800,25.7950,25.8100,25.8300,25.8200,25.8150,25.8200,25.8150,25.7850,25.7500,25.7550,25.7650,25.7450,25.7250,25.6900,25.7350,25.7350,25.7350,25.7000,25.7600,25.7800,25.7700,25.7400,25.7150,25.7300,25.7550,25.7550,25.7950,25.8100,25.7550,25.7800,25.8350,25.8250,25.8300,25.8300
83.9900,83.7134,84.0010,84.0100,84.0050,84.0050,84.1900,83.8700,83.8400,83.7643,83.5382,83.5100,83.5100,83.6800,83.6401,83.3200,83.4500,83.3800,83.1200,83.0184,83.0400,83.1643,82.9750,83.0100,82.9400,83.0100,83.0600,82.8200,82.7000,82.4500,82.2900,82.3050,82.0800,82.1800,82.3250,82.2222,82.2398,82.4000,82.5900,82.3500,82.2700,82.0030,82.1612,82.1425,82.1100,81.9900,81.9926,81.9350,81.7700,81.6200,81.5300,81.5304,81.5400,81.4901,81.4526,81.5800,81.7600,81.6474,81.6150,81.5327,81.6900,81.6102,81.5350,81.4267,81.5097,81.5300,81.3900,81.2000,81.1200,81.1100,81.1200,81.1299,81.1250,81.2400,81.0900,81.1300,81.1701,81.2900,81.3050,81.3100,81.2700,81.3898,81.4000,81.5150,81.5600,81.5175,81.6100,81.6602,81.9000,81.8900,81.9233,82.0300,82.0650,82.0690,81.9600,81.9654,81.9800,81.9000,81.9300,81.8100
1283.3300,1280.2900,1281.1100,1283.0900,1283.5000,1285.4222,1284.6125,1281.4100,1284.9600,1285.7800,1282.7900,1280.8300,1281.4700,1282.5750,1282.2000,1281.4600,1281.0699,1281.5400,1282.0500,1282.2400,1281.4700,1281.3750,1281.6100,1280.9900,1281.5601,1281.0693,1282.0800,1282.1500,1280.8900,1280.8000,1280.5100,1280.9200,1281.2198,1281.0000,1280.8199,1280.0850,1280.0529,1280.2800,1280.4200,1280.6801,1281.4900,1280.9800,1279.9200,1279.2950,1278.7900,1278.9500,1278.9500,1278.9500,1278.9500,1278.9500,1278.9500,1278.9500,1278.9500,1278.9500,1278.9500,1278.9500,1278.9500,1278.9500,1278.9500,1278.9500,1278.9500,1278.9500,1278.9500,1278.9500,1278.9500,1278.9500,1278.9500,1278.9500,1278.9500,1278.9500,1278.9500,1278.9500,1278.9500,1278.9500,1278.9500,1278.9500,1278.9500,1278.9500,1278.9500,1278.9500,1278.9500,1278.9500,1278.9500,1278.9500,1278.9500,1278.9500,1278.9500,1278.9500,1278.9500,1278.9500,1278.9500,1278.9500,1278.9500,1278.9500,1278.9500,1278.9500,1278.9500,1278.9500,1278.9500,1278.9500
265.1700,265.0950,265.3000,265.1150,264.9900,265.5200,264.9300,265.4700,265.6500,266.2700,265.3000,265.5500,265.4500,265.4350,265.2500,265.2300,265.0150,265.1600,265.3400,265.2000,265.0200,265.2150,264.8700,264.8600,264.8750,264.6300,264.8000,264.7700,264.6700,264.8000,264.7300,264.8600,264.8600,264.8600,264.8600,264.8600,264.8600,264.8600,264.8600,264.8600,264.8600,264.8600,264.8600,264.8600,264.8600,264.8600,264.8600,264.8600,264.8600,264.8600,264.8600,264.8600,264.8600,264.8600,264.8600,264.8600,264.8600,264.8600,264.8600,264.8600,264.8600,264.8600,264.8600,264.8600,264.8600,264.8600,264.8600,264.8600,264.8600,264.8600,264.8600,264.8600,264.8600,264.8600,264.8600,264.8600,264.8600,264.8600,264.8600,264.8600,264.8600,264.8600,264.8600,264.8600,264.8600,264.8600,264.8600,264.8600,264.8600,264.8600,264.8600,264.8600,264.8600,264.8600,264.8600,264.8600,264.8600,264.8600,264.8600,264.8600
316.5300,316.3300,315.7400,316.1800,316.7250,316.6100,315.8300,315.4900,315.3000,316.1850,314.0050,314.0700,313.9300,314.0400,313.7900,313.7700,313.7200,313.7600,313.6400,313.4200,313.3400,313.1200,312.9800,312.1450,311.9500,311.8500,312.0000,311.8900,311.8900,311.7900,311.8900,311.9400,311.7400,311.6700,311.4600,311.1900,311.0400,311.1100,310.9601,311.2700,311.1300,311.0200,310.6800,310.7200,310.6400,310.4300,310.3100,310.4600,310.3900,310.2300,310.3250,310.4250,310.4400,310.5750,310.5900,310.5100,310.3600,310.3911,310.5150,310.1750,310.2500,310.2400,310.2350,310.0750,310.0100,310.0050,310.4100,310.3000,310.7900,310.7300,310.6600,310.6600,310.6750,310.4800,310.3500,310.2700,309.9975,310.3300,310.3400,310.3400,310.5400,310.6600,310.7750,310.7800,311.1100,311.4600,311.0300,311.2065,311.2200,311.3050,311.6550,311.7700,311.8100,311.7450,311.5800,311.6850,311.7900,311.8700,311.7000,311.2500
100.0500,100.0400,99.9400,100.0300,99.9900,100.0850,100.0200,99.7400,99.4500,99.5100,99.0900,99.2300,99.2100,99.3000,99.2000,99.1500,99.1600,99.2000,99.1500,99.0900,99.2000,99.1500,99.2500,99.1100,99.1100,99.0800,99.2100,99.1800,99.1400,99.1100,99.0400,99.0700,99.0500,99.1200,99.0900,99.1300,99.1300,99.0700,99.0600,99.1250,99.0727,99.0500,99.1500,99.1200,99.0400,99.0100,99.0400,99.0500,99.0700,99.0450,99.0200,98.9000,98.9300,98.9000,99.0000,98.9900,98.9900,99.2000,99.2000,99.1600,99.0900,99.1000,99.0300,99.0650,99.0300,98.9750,98.9800,98.8225,98.8400,98.8200,98.8400,98.8800,98.8600,98.8800,98.7700,98.7700,98.7600,98.7900,98.7700,98.6700,98.7200,98.7900,98.6800,98.7000,98.7400,98.7600,98.7000,98.7300,98.8175,98.7900,98.8450,98.9000,98.8600,98.9100,98.8000,98.7700,98.8150,98.8400,98.8000,98.7400
60.3500,60.2800,60.1800,60.2250,60.2700,60.3900,60.4150,60.5500,60.6900,60.7300,60.5407,60.5800,60.6000,60.6400,60.6600,60.5900,60.5950,60.6300,60.7800,60.7200,60.7100,60.7300,60.6700,60.5600,60.5700,60.5300,60.4800,60.4000,60.3500,60.3150,60.2400,60.2300,60.2150,60.1800,60.2950,60.2800,60.3017,60.2900,60.2900,60.1700,60.1898,60.1900,60.1900,60.2100,60.1700,60.1600,60.2050,60.1450,60.2250,60.1950,60.1950,60.1300,60.1350,60.1850,60.2200,60.1650,60.1300,60.1550,60.1750,60.1050,60.1200,60.1400,60.1000,60.0750,60.0250,60.0100,60.0050,60.0200,60.0600,60.1000,60.0750,60.0050,60.0100,60.0400,60.0150,60.0450,60.0050,59.9800,59.9600,59.8700,59.9091,59.8800,59.8300,59.8500,59.9000,59.9300,59.9650,59.9600,59.9400,59.9950,60.0732,60.1000,60.1600,60.1700,60.1000,60.1600,60.2200,60.2200,60.2500,60.2350
265.3700,265.6500,265.1800,265.4050,265.7100,265.9500,265.6900,265.5600,265.7200,265.8800,264.9400,264.9700,264.8350,264.9100,264.7300,264.4200,264.2100,264.4600,264.5000,264.3350,264.2500,264.5100,264.4400,264.2050,264.3600,264.3100,264.5700,264.3700,264.2600,264.4200,264.0700,264.1000,263.9150,263.8750,263.6650,263.5400,263.6300,263.6750,263.6900,263.9100,264.0000,263.9900,263.7650,263.8500,263.5600,263.5400,263.4475,263.4600,263.5500,263.3500,263.3832,263.3400,263.3450,263.3600,263.0600,262.8700,262.8800,262.7500,262.8100,262.5600,262.5800,262.6400,262.4200,262.2350,262.2200,261.9500,262.0850,262.4500,262.4500,262.4450,262.5914,262.5400,262.3850,262.4200,262.2600,262.0500,262.1250,262.0200,261.8000,261.6700,261.6850,261.4200,261.2400,261.3000,261.2500,261.7200,261.6400,261.4900,261.5000,261.6700,261.8700,261.7500,261.7800,261.8600,261.7250,261.8400,261.6600,261.5100,261.2701,261.1550
526.4700,528.0400,524.7000,524.5400,524.9300,525.1650,523.9100,523.3700,522.7850,523.9100,520.5825,521.1600,519.9400,519.9900,519.5800,518.9350,519.4100,519.5200,519.8800,519.9300,519.6300,519.3100,519.8500,519.3800,519.5200,519.1400,519.4400,519.2850,519.3400,518.9500,517.9700,517.7800,517.5900,517.0800,517.6700,517.3700,517.4400,516.9250,516.6500,516.7700,517.7400,517.5750,517.6100,517.3600,516.7600,517.1300,516.9900,517.2500,517.3300,516.9000,516.9600,516.8650,517.6700,518.0200,518.6700,518.5100,518.3000,518.9000,519.4000,519.1000,519.0800,519.4100,519.2100,519.2200,518.9700,518.5900,518.8800,518.6500,519.7600,520.0100,520.1500,519.5800,519.9400,520.1700,519.9500,519.6500,520.0200,520.0000,520.1650,518.9600,519.8950,519.7950,520.0000,519.8300,519.4000,519.9300,520.2100,520.3650,519.1300,518.8900,519.9800,520.2700,520.0650,519.5650,519.2400,520.1650,520.0800,519.6700,519.9000,520.0000
46.1800,46.1550,46.1750,46.1900,46.2100,46.1850,46.1400,46.1300,46.0850,46.0500,45.9700,45.9800,45.9500,45.9900,45.9750,46.0000,46.0200,46.0200,46.0400,46.0100,46.0200,46.0100,45.9800,45.9200,45.9200,45.9070,45.9150,45.9000,45.8800,45.8800,45.8900,45.8900,45.9050,45.9050,45.8654,45.8500,45.8600,45.8550,45.8400,45.9050,45.9050,45.9200,45.8700,45.8900,45.8650,45.8500,45.8350,45.8100,45.8350,45.8090,45.7900,45.8200,45.8400,45.8100,45.7600,45.8092,45.8400,45.8450,45.8900,45.8400,45.8573,45.8500,45.8400,45.8400,45.8000,45.7750,45.7700,45.7800,45.7900,45.7650,45.8300,45.8000,45.7700,45.7600,45.7050,45.6900,45.6800,45.6550,45.6500,45.6350,45.6500,45.6500,45.6300,45.6250,45.6200,45.6350,45.7027,45.7000,45.7100,45.7300,45.7800,45.7650,45.8000,45.8150,45.7800,45.7400,45.7000,45.7250,45.7100,45.6650
29.3300,29.4100,29.3150,29.3150,29.3500,29.3800,29.3400,29.2885,29.3100,29.2950,29.1750,29.1800,29.1500,29.1350,29.1200,29.0950,29.0450,29.0950,29.0900,29.0841,29.0700,29.0601,29.0400,28.9900,28.9798,28.9670,28.9850,28.9700,28.9668,28.9500,28.9100,28.9050,28.8900,28.8850,28.8750,28.8550,28.8800,28.8850,28.8550,28.8900,28.9100,28.8900,28.8850,28.9400,28.9250,28.9300,28.9650,28.9500,28.9400,28.9100,28.9100,28.9350,28.9600,28.9400,28.9050,28.8950,28.9000,28.9000,28.8800,28.8500,28.8700,28.8500,28.8350,28.8221,28.8000,28.7950,28.7900,28.7700,28.7900,28.7400,28.7100,28.7000,28.7150,28.7150,28.7200,28.7250,28.7050,28.7000,28.7003,28.6600,28.7000,28.6650,28.6600,28.6850,28.7300,28.7700,28.7850,28.7700,28.7700,28.8050,28.8277,28.8300,28.8150,28.8050,28.8200,28.8500,28.8600,28.8800,28.8599,28.8550
161.2100,161.3100,160.9700,161.0600,161.2600,161.7900,161.7900,161.7000,161.9000,162.0500,161.1000,161.1900,160.9900,161.0600,160.9700,160.9500,160.8450,160.9640,161.1300,161.0300,161.0600,161.1700,161.0300,160.8300,160.7200,160.7500,160.8600,160.6400,160.6550,160.6650,160.4400,160.6500,160.1400,160.0900,160.1700,160.0900,160.1700,160.2300,160.1700,160.2800,160.5200,160.5600,160.3700,160.3700,160.2400,160.2700,160.2700,160.2700,160.2700,160.2700,160.2700,160.2700,160.2700,160.2700,160.2700,160.2700,160.2700,160.2700,160.2700,160.2700,160.2700,160.2700,160.2700,160.2700,160.2700,160.2700,160.2700,160.2700,160.2700,160.2700,160.2700,160.2700,160.2700,160.2700,160.2700,160.2700,160.2700,160.2700,160.2700,160.2700,160.2700,160.2700,160.2700,160.2700,160.2700,160.2700,160.2700,160.2700,160.2700,160.2700,160.2700,160.2700,160.2700,160.2700,160.2700,160.2700,160.2700,160.2700,160.2700,160.2700
17.2900,17.2800,17.2700,17.3000,17.3300,17.3300,17.3000,17.3150,17.3300,17.3400,17.3150,17.3200,17.3100,17.3100,17.3300,17.3200,17.3000,17.3250,17.3300,17.3150,17.3000,17.3000,17.2950,17.2900,17.2800,17.2800,17.2900,17.2800,17.2800,17.2800,17.2800,17.2800,17.2700,17.2800,17.2750,17.2400,17.2500,17.2500,17.2500,17.2500,17.2500,17.2500,17.2500,17.2500,17.2500,17.2500,17.2500,17.2500,17.2500,17.2500,17.2500,17.2500,17.2500,17.2500,17.2500,17.2500,17.2500,17.2500,17.2500,17.2500,17.2500,17.2500,17.2500,17.2500,17.2500,17.2500,17.2500,17.2500,17.2500,17.2500,17.2500,17.2500,17.2500,17.2500,17.2500,17.2500,17.2500,17.2500,17.2500,17.2500,17.2500,17.2500,17.2500,17.2500,17.2500,17.2500,17.2500,17.2500,17.2500,17.2500,17.2500,17.2500,17.2500,17.2500,17.2500,17.2500,17.2500,17.2500,17.2500,17.2500
279.0200,278.2000,278.0200,278.1900,278.5100,279.5400,279.4650,279.4500,279.3050,279.8050,278.2150,278.2800,277.7350,278.0100,277.9450,277.9450,278.0200,278.2800,278.5900,278.5100,278.3200,278.5200,278.4100,277.8900,277.8500,277.6900,277.8400,277.5650,277.4400,276.9750,276.7150,276.7200,276.5350,276.6100,276.4300,276.0650,276.1100,276.1947,276.0200,276.5100,276.7700,276.5600,276.4200,276.4300,276.0600,276.0956,276.2000,276.1100,276.4000,276.0300,276.4350,276.2300,276.4150,276.4150,276.1700,276.3000,276.0850,275.8100,276.0200,275.6000,275.7900,275.8150,275.5900,275.4300,275.3100,275.4000,275.4179,275.6000,275.6000,275.8300,275.7900,275.5600,275.6700,275.6100,275.5000,275.8850,275.7500,275.8600,276.0100,275.6000,275.6400,275.5700,275.6650,275.6100,275.7800,276.0800,276.1250,276.1050,275.9500,276.1000,276.7850,276.7800,277.1900,277.4550,277.1700,277.3000,277.6550,277.5000,277.5900,277.2100
225.9900,225.6100,225.4000,225.3700,225.4450,225.6750,225.6221,225.8550,225.5700,226.3287,225.2200,224.9413,225.0200,224.8800,224.4450,224.4000,224.4500,224.7800,224.8500,224.6100,224.7325,224.7450,225.0400,224.6250,224.7050,224.5750,224.6550,224.4650,224.2950,223.9971,223.5800,223.4000,223.2230,223.1367,222.9400,222.6700,222.6600,222.7350,222.7500,222.6000,222.6000,222.6200,222.6200,222.6850,222.4000,222.3100,222.3800,222.3700,222.3800,222.3300,222.4400,222.4300,222.6300,222.8150,222.7500,222.7650,222.6200,222.6700,223.0000,222.6534,222.9700,222.8900,222.8900,222.9600,222.9000,222.8950,222.7800,222.8900,222.7989,222.9300,222.4630,222.3800,222.4000,222.2600,221.9900,222.1050,222.3900,222.3550,222.4400,222.4700,222.4181,222.2300,221.8800,221.9250,222.0700,222.4900,222.4600,222.7085,222.5800,222.4700,222.5000,222.6158,222.7900,222.8300,222.2900,222.3200,222.4300,222.1650,222.1900,222.2500
84.2600,84.5600,84.3700,84.2900,84.2750,84.3350,84.3000,84.2100,84.4100,84.4900,84.1400,84.2000,83.9700,84.0100,84.0300,83.9400,83.8550,83.8900,83.9300,83.8800,83.7540,83.6435,83.6650,83.4000,83.3300,83.3000,83.4600,83.3300,83.0600,83.0300,82.9850,83.0000,82.9800,83.0400,83.0300,83.0000,82.8700,82.9254,82.8700,82.9300,83.0300,83.0500,82.9200,82.8800,82.8000,82.8300,82.9400,83.0200,83.1200,82.9450,83.0700,83.1550,83.2050,83.2200,83.1850,83.1900,83.2650,83.2300,83.4100,83.2650,83.3600,83.3600,83.2500,83.1400,82.9900,83.0000,83.0650,83.1900,83.2500,83.3350,83.3400,83.3384,83.3300,83.2900,83.2300,83.3100,83.3325,83.3200,83.3400,83.1700,83.2700,83.1950,83.1100,83.0700,83.1079,83.2700,83.1500,83.0300,82.9200,83.0778,83.1600,83.2274,83.4000,83.4150,83.3400,83.2900,83.4300,83.4800,83.4300,83.3409
80.3100,80.3400,80.1800,80.2300,80.3300,80.4200,80.4000,80.3550,80.3250,80.3400,80.1400,80.1900,80.1800,80.2600,80.2150,80.1100,80.0800,80.1760,80.2100,80.1300,80.1600,80.1850,80.1000,79.9100,79.9300,79.8796,79.9500,79.8700,79.8500,79.8600,79.8300,79.7350,79.6600,79.6900,79.7400,79.7250,79.7200,79.7600,79.6600,79.7000,79.6700,79.7200,79.7200,79.7167,79.6400,79.5800,79.6000,79.5800,79.6600,79.5200,79.5550,79.4700,79.5100,79.5200,79.4750,79.4700,79.4200,79.4100,79.4700,79.3500,79.3800,79.3590,79.2500,79.2500,79.2200,79.1600,79.1800,79.2300,79.2700,79.3700,79.3800,79.4000,79.3400,79.3000,79.2000,79.2500,79.2600,79.3000,79.2600,79.1100,79.1350,79.1500,79.1300,79.1300,79.1300,79.2400,79.2000,79.2800,79.2500,79.3200,79.3300,79.3800,79.4700,79.5400,79.4700,79.5300,79.5950,79.6700,79.6700,79.6000
53.4700,53.4800,53.4300,53.4550,53.4900,53.5500,53.5750,53.5500,53.6050,53.6400,53.5850,53.5550,53.5150,53.5100,53.4750,53.4650,53.4450,53.4850,53.5050,53.4600,53.4000,53.3450,53.3300,53.3200,53.3100,53.2950,53.3200,53.2550,53.2050,53.2150,53.1900,53.1950,53.1500,53.1600,53.1300,53.1750,53.1800,53.1950,53.1700,53.2350,53.2250,53.2200,53.1900,53.2400,53.2100,53.2300,53.2250,53.2300,53.2650,53.2600,53.2650,53.2600,53.2850,53.3000,53.2350,53.2700,53.2350,53.2050,53.2000,53.1200,53.1000,53.0850,53.0750,53.0700,53.0150,52.9600,52.9028,52.9228,52.9500,52.9500,52.9400,52.9200,52.8850,52.8750,52.8750,52.8700,52.8200,52.8450,52.8600,52.7900,52.8500,52.8500,52.8800,52.8550,52.8950,52.9650,53.0050,53.0000,53.0050,53.0200,53.0500,53.0900,53.1200,53.1050,53.1100,53.1388,53.1550,53.1200,53.1150,53.1100
597.3900,594.5600,594.6400,598.3950,598.8500,600.9000,598.3000,597.4300,597.2750,599.9600,597.4480,597.0800,596.8500,596.2994,596.4700,596.8000,596.1000,596.1050,597.6500,599.1750,599.4300,600.0000,599.5550,599.0550,597.4150,598.2600,600.1750,600.0700,599.8000,597.5900,599.5500,596.9400,596.3200,595.6000,595.3050,594.4100,594.8000,595.1100,594.8996,595.5100,595.5500,594.1100,594.2700,592.5100,591.1700,590.9700,590.7700,590.2450,589.6750,588.5700,588.7100,589.5000,590.8800,590.8800,590.8800,590.8800,590.8800,590.8800,590.8800,590.8800,590.8800,590.8800,590.8800,590.8800,590.8800,590.8800,590.8800,590.8800,590.8800,590.8800,590.8800,590.8800,590.8800,590.8800,590.8800,590.8800,590.8800,590.8800,590.8800,590.8800,590.8800,590.8800,590.8800,590.8800,590.8800,590.8800,590.8800,590.8800,590.8800,590.8800,590.8800,590.8800,590.8800,590.8800,590.8800,590.8800,590.8800,590.8800,590.8800,590.8800
62.1900,62.1750,62.1400,62.2025,62.2425,62.2300,62.1800,62.1500,62.2500,62.2500,62.2100,62.1950,62.2100,62.2500,62.2700,62.2700,62.2700,62.3400,62.2605,62.2200,62.2225,62.1800,62.1825,62.1850,62.1900,62.1650,62.2200,62.1900,62.2200,62.1825,62.1825,62.1200,62.1425,62.0800,62.0725,62.0700,62.1250,62.1700,62.1850,62.1900,62.2200,62.2100,62.1750,62.2800,62.3400,62.3400,62.3800,62.4000,62.4100,62.3700,62.3850,62.4000,62.4100,62.4100,62.3700,62.3700,62.3500,62.3205,62.3600,62.2700,62.2900,62.3000,62.3000,62.2500,62.2100,62.1900,62.2000,62.2300,62.2000,62.2500,62.2800,62.2600,62.2400,62.2700,62.2600,62.2200,62.2000,62.2100,62.1600,62.0800,62.1400,62.1250,62.0850,62.1000,62.1600,62.2100,62.2250,62.1700,62.2000,62.1900,62.2600,62.3100,62.3300,62.3532,62.3500,62.3400,62.3400,62.3100,62.3200,62.3100
178.7100,178.3400,177.9751,177.9950,177.8400,178.3850,178.2600,178.1900,178.3400,178.4600,177.5500,177.5550,177.5700,177.5400,177.3200,177.2100,177.0850,177.3000,177.5500,177.5700,177.5600,177.6300,177.7400,177.5400,177.5804,177.6805,177.7000,177.5500,177.4000,177.4200,177.1900,177.1799,177.2499,177.1750,177.1500,177.1250,177.1750,177.3050,177.2600,177.2050,177.1312,176.9401,176.7550,176.7499,176.7100,176.6900,176.6450,176.6450,176.7200,176.6100,176.6600,176.5870,176.6000,176.5900,176.5750,176.6100,176.7250,176.6600,176.7500,176.4250,176.5000,176.4700,176.3601,176.3600,176.3350,176.2000,176.2300,176.2760,176.3500,176.3500,176.3800,176.3600,176.3000,176.2600,176.0700,176.1760,176.1100,176.1800,176.1900,175.8998,176.0800,176.0750,175.9400,175.9650,176.0100,176.1200,176.2200,176.2700,176.1600,176.3000,176.5000,176.7000,176.8100,176.8600,176.6800,176.8200,176.8400,176.8500,176.8200,176.7500
45.7000,45.6800,45.5100,45.5350,45.5400,45.6400,45.6700,45.6800,45.7400,45.8500,45.7100,45.7880,45.7800,45.8200,45.8450,45.8200,45.8200,45.8600,45.8900,45.8750,45.8601,45.8700,45.8400,45.7400,45.7450,45.7250,45.7650,45.7600,45.7200,45.7100,45.6202,45.5950,45.5800,45.5600,45.5500,45.5202,45.5300,45.5350,45.5250,45.5250,45.5600,45.5600,45.5000,45.5000,45.4850,45.4700,45.4800,45.4750,45.4900,45.4672,45.4400,45.4050,45.4200,45.4650,45.4600,45.5000,45.4731,45.4750,45.5200,45.4400,45.4400,45.4150,45.3675,45.3350,45.2900,45.2700,45.2750,45.3157,45.3300,45.3400,45.3650,45.3500,45.3400,45.3700,45.3000,45.3200,45.2900,45.3050,45.2641,45.2200,45.2300,45.2301,45.2091,45.2100,45.2450,45.3000,45.3200,45.3100,45.3000,45.3500,45.4099,45.4350,45.5000,45.5300,45.4700,45.4900,45.5100,45.5000,45.5117,45.4800
53.0800,53.0600,53.0600,53.0700,53.0250,53.1200,53.1800,53.1800,53.1500,53.2750,53.1400,53.1800,53.2000,53.2600,53.2600,53.2200,53.2000,53.2900,53.3500,53.2743,53.2900,53.3600,53.4250,53.3150,53.3000,53.2600,53.2950,53.3200,53.3000,53.3150,53.2700,53.2700,53.2400,53.2200,53.2300,53.1800,53.1900,53.1900,53.2000,53.2400,53.2400,53.3050,53.2900,53.3000,53.3100,53.3100,53.3100,53.2900,53.3350,53.2700,53.2600,53.2200,53.2600,53.2800,53.2500,53.2400,53.2250,53.2750,53.2900,53.2300,53.2500,53.2000,53.1700,53.1800,53.1200,53.0700,53.0800,53.1200,53.1700,53.1600,53.1400,53.1100,53.1100,53.1441,53.0700,53.0700,52.9900,53.0000,52.9100,52.8000,52.8500,52.8100,52.7700,52.7300,52.7800,52.8400,52.8400,52.8300,52.8200,52.8550,52.9100,52.8950,52.9500,52.9800,52.9300,52.9500,52.9950,53.0000,53.0100,52.9750
423.0500,421.4300,420.8600,421.1300,421.4500,421.8780,420.8250,420.8100,420.6100,421.2900,419.4400,420.1500,420.5900,421.1200,421.3400,421.6650,421.6196,421.8700,422.4500,421.7600,421.8100,422.3800,422.3300,421.9293,421.5776,421.2000,421.7253,421.6900,421.5300,420.4300,420.3901,420.2700,419.9703,419.7400,419.4079,418.7401,418.6990,419.2685,419.2400,419.5350,419.2990,418.6200,417.8100,417.5200,417.7000,417.3750,417.4000,417.5536,417.6700,417.5400,417.7200,417.4200,417.7000,417.5700,417.8000,417.9336,417.5350,417.2900,417.9050,417.2800,417.3250,417.5994,417.4899,417.2599,416.2900,416.1400,416.4000,416.5815,416.4500,416.5950,416.6316,416.2700,415.6343,415.3900,415.1300,415.6000,415.6500,415.2400,415.5147,414.9700,415.6000,415.6350,415.3900,415.5500,415.5900,415.8850,416.6900,417.1800,416.8550,417.1100,417.8100,418.1250,418.3200,418.7000,418.2178,418.4500,418.5900,418.1899,418.5700,418.5800
42.1400,42.1900,42.0600,42.0600,42.0800,42.1300,42.1300,42.1400,42.1500,42.1700,41.9800,42.0100,41.9750,42.0300,42.0000,42.0000,41.9900,42.0100,42.0700,42.0300,42.0600,42.0300,42.0700,41.9900,41.9900,42.0100,42.0400,42.0100,41.9450,41.9700,41.9300,41.9300,41.9650,41.9800,42.0100,41.9600,41.9500,41.9700,41.9450,41.9500,41.9800,41.9800,41.9300,41.9250,41.8800,41.8800,41.9300,41.9450,41.9700,41.9500,41.9500,41.9400,41.9750,42.0000,41.9900,42.0000,42.0100,42.0200,42.0200,42.0150,42.0300,42.0300,42.0400,41.9800,41.9550,41.9400,41.9800,41.9400,41.9400,41.9500,41.9500,41.9400,41.9000,41.9250,41.9000,41.8900,41.9100,41.9100,41.9176,41.8600,41.9100,41.8850,41.8750,41.8600,41.8800,41.9100,41.9050,41.8800,41.8650,41.8400,41.8900,41.9000,41.9200,41.9200,41.8950,41.9200,41.9400,41.9200,41.9100,41.8800
348.9900,348.0300,347.6000,347.4900,347.9650,348.4600,348.2350,347.7200,347.5100,347.4600,347.4600,347.6850,347.5900,347.9200,347.4900,347.4400,347.3600,347.4200,347.7300,347.4000,347.5900,348.6250,348.6200,348.4800,348.0400,348.1300,348.0600,348.0900,348.0300,347.7200,347.4050,347.4700,347.8150,347.8600,348.0000,347.6200,347.7300,347.6200,347.9000,348.1100,348.3600,348.0900,347.6700,347.7800,347.6450,347.0600,347.3800,347.5000,347.4700,347.2300,347.4300,346.6650,346.3700,346.4650,345.2400,345.9300,346.3150,346.3700,346.0600,345.5100,345.5000,345.0650,345.0250,345.2800,344.3000,344.0000,344.2200,344.2100,343.8900,343.3400,343.2500,343.1700,343.2500,343.2500,343.2500,343.7300,343.7300,343.7300,343.7300,343.7300,343.7300,343.7300,343.7300,343.7300,343.7300,343.7300,343.7300,343.7300,343.7300,343.7300,343.7300,343.7300,343.7300,343.7300,343.7300,343.7300,343.7300,343.7300,343.7300,343.7300
292.3400,291.0400,290.8400,290.5200,291.9000,292.5300,292.7400,292.4950,292.9099,293.0300,292.3200,292.5655,292.5679,292.5724,292.6400,292.3925,292.3600,292.4700,292.5900,292.1900,292.0000,291.8369,291.9000,291.4800,291.1300,290.7299,290.8700,290.7500,290.2800,290.1907,290.0300,289.9900,289.7300,289.6811,289.7200,289.7099,289.7500,289.6300,289.6727,289.6300,289.7700,289.6800,289.5150,289.4500,289.1900,289.2800,289.4493,289.3900,289.6300,289.2400,289.2300,289.0585,289.2400,289.4200,289.2600,289.1200,289.1000,289.1002,289.4000,288.7153,288.9000,288.8799,288.6750,288.7000,288.2450,288.2100,288.1701,288.1350,288.2300,288.3750,288.2436,288.2900,288.1188,288.1250,287.6500,287.7900,287.7155,287.6450,287.6361,287.3100,287.3200,287.3700,287.1300,287.0150,287.1200,287.3700,287.5600,287.8150,287.7200,288.2600,288.5500,288.5160,288.7700,288.9100,288.6300,288.6400,288.8200,288.8000,288.8750,288.7600
90.1800,90.1400,90.0100,90.1500,90.2000,90.2914,90.2000,90.1600,90.1200,90.0300,89.9200,90.0800,89.9700,90.0100,89.9800,89.9300,89.6500,89.8100,89.8700,89.9600,89.9500,89.9650,89.9100,89.7900,89.7300,89.7500,89.8400,89.7850,89.7400,89.8250,89.8300,89.8200,89.7600,89.7000,89.6750,89.6100,89.5900,89.4500,89.3500,89.4200,89.4777,89.4400,89.3800,89.3900,89.3400,89.3400,89.4750,89.5300,89.5600,89.4200,89.4700,89.4900,89.5500,89.5500,89.4300,89.3350,89.4000,89.4200,89.4700,89.1100,89.0716,89.0900,88.9500,88.9100,88.8200,88.8700,88.9800,89.1400,89.2000,89.3850,89.3900,89.2450,89.1600,89.0400,88.7800,88.8200,88.8400,88.8550,88.8200,88.7500,88.8950,88.8224,88.8600,88.8900,88.9100,89.0200,89.0200,88.9600,89.0200,89.0700,89.2500,89.2650,89.4100,89.4650,89.4700,89.5000,89.4400,89.4100,89.4200,89.3000
373.8300,373.3300,373.0650,373.3700,373.5100,374.3450,374.6100,374.6400,374.3700,374.5000,374.2700,374.0900,373.0850,372.7900,372.4000,372.0400,371.7500,372.4800,372.4000,371.9850,371.8700,371.7900,371.0000,370.1200,369.9750,369.8200,369.9800,370.0500,369.6900,369.5500,369.2600,369.4950,369.1100,369.2200,368.9825,368.9500,368.9800,368.5950,368.2250,368.6600,368.6300,368.6800,368.5200,368.4700,368.2275,368.5500,368.5750,368.4400,368.4800,368.2500,367.9600,367.9300,368.1000,368.5150,368.5650,368.6800,368.3900,368.8600,368.8800,368.5900,368.6800,368.6700,368.6700,368.6700,368.6700,368.6700,368.6700,368.6700,368.6700,368.6700,368.6700,368.6700,368.6700,368.6700,368.6700,368.6700,368.6700,368.6700,368.6700,368.6700,368.6700,368.6700,368.6700,368.6700,368.6700,368.6700,368.6700,368.6700,368.6700,368.6700,368.6700,368.6700,368.6700,368.6700,368.6700,368.6700,368.6700,368.6700,368.6700,368.6700
67.5200,67.4600,67.3800,67.3650,67.3775,67.4500,67.3401,67.3200,67.3200,67.3900,67.1700,67.1550,67.0600,67.1050,67.1000,67.0550,67.0200,67.0500,67.1200,67.1000,67.0550,66.9800,67.0500,66.9200,66.9350,66.9150,66.9700,66.9100,66.8500,66.7900,66.7505,66.7150,66.6900,66.7200,66.7200,66.6350,66.5900,66.6000,66.6250,66.6500,66.7000,66.6900,66.6100,66.6500,66.5800,66.6100,66.6200,66.6000,66.6124,66.5100,66.5305,66.5000,66.5100,66.5672,66.4900,66.4600,66.4400,66.4300,66.4600,66.3900,66.4400,66.4400,66.4250,66.3900,66.2950,66.2900,66.3200,66.3100,66.2975,66.3500,66.3450,66.3900,66.3400,66.3300,66.2900,66.3000,66.2800,66.3000,66.2500,66.1300,66.2300,66.2000,66.1450,66.0850,66.1200,66.1625,66.1300,66.1450,66.1600,66.2150,66.2900,66.3000,66.3300,66.3800,66.3200,66.3200,66.3450,66.2800,66.2100,66.2100
67.6600,67.6900,67.6200,67.7200,67.7300,67.8900,67.8700,67.7901,67.7900,67.8000,67.5200,67.5100,67.4550,67.4500,67.4200,67.3500,67.3300,67.3600,67.3600,67.3100,67.3200,67.3100,67.3100,67.2450,67.3250,67.3000,67.3300,67.3100,67.3000,67.2800,67.2100,67.1900,67.1900,67.2200,67.2300,67.2100,67.1700,67.2000,67.2400,67.1700,67.1850,67.2000,67.1900,67.2000,67.1850,67.1800,67.1900,67.2200,67.2600,67.2100,67.2200,67.1900,67.2000,67.1900,67.2400,67.2100,67.2500,67.2250,67.2800,67.2000,67.1400,67.1000,67.0900,67.0700,67.0400,67.0400,67.0900,67.0700,67.0600,67.0800,67.1050,67.1700,67.2200,67.2400,67.3300,67.3200,67.3100,67.3100,67.3300,67.2600,67.3650,67.2600,67.2200,67.2300,67.2600,67.2400,67.2000,67.1800,67.2000,67.1600,67.3050,67.4060,67.5400,67.5600,67.5300,67.4750,67.5300,67.5050,67.4500,67.4200
137.5600,137.3300,137.1200,137.1700,137.3200,137.5400,137.6200,137.6200,137.8000,137.8600,137.4400,137.4600,137.3200,137.3100,137.2394,137.1600,137.1150,137.1800,137.2500,137.1650,137.1000,137.1900,137.1700,137.1050,137.0300,137.0200,137.0300,136.8700,136.8600,136.8700,136.8400,136.8400,136.7100,136.6400,136.5400,136.5500,136.5050,136.5200,136.5600,136.5600,136.5800,136.5200,136.5200,136.5050,136.4100,136.4400,136.4900,136.4400,136.4100,136.3847,136.4100,136.3750,136.3600,136.4500,136.3986,136.3300,136.3300,136.2700,136.4100,136.2625,136.2300,136.0700,136.0700,136.0200,135.9450,135.9200,135.9000,135.9200,135.9900,135.9500,136.0000,135.8879,135.8300,135.7400,135.6200,135.6200,135.5650,135.5400,135.4800,135.3600,135.4200,135.3600,135.3800,135.4200,135.6200,135.7200,135.7600,135.6900,135.6700,135.7000,135.8250,135.9200,136.0400,136.0700,136.1100,136.1300,136.0800,135.8500,135.8500,135.8400
111.9700,111.8900,111.6800,111.8900,111.9100,112.0700,111.9500,111.7100,111.8150,111.9350,111.1900,111.1400,111.0600,111.1300,111.0600,111.2100,111.1100,111.1900,111.2800,111.2500,111.2500,111.2500,111.3000,111.2450,111.3000,111.1800,111.3000,111.3000,111.2450,111.3400,111.1300,111.0800,111.0800,111.0300,111.0250,110.9700,110.9450,111.0000,110.9500,111.0300,111.0650,111.0450,110.9300,110.9800,110.9000,110.9150,110.9000,110.9000,110.9900,110.9400,110.8900,110.8250,110.9050,110.9900,110.9850,110.9650,110.9800,110.9510,110.9350,110.7600,110.8100,110.8400,110.7600,110.6650,110.5600,110.5400,110.6100,110.5900,110.6700,110.6500,110.5900,110.5650,110.5168,110.4900,110.3450,110.4450,110.4250,110.4600,110.4100,110.2300,110.3100,110.2300,110.0750,110.1100,110.2200,110.2800,110.2600,110.3600,110.2450,110.3800,110.4600,110.4900,110.6100,110.7000,110.5650,110.6550,110.7900,110.7900,110.9250,110.9900
76.1600,76.1350,75.9950,76.0200,76.0850,76.1800,76.2700,76.4050,76.4700,76.5900,76.3800,76.3838,76.3550,76.4500,76.4400,76.4000,76.3450,76.3350,76.4100,76.3350,76.2950,76.3300,76.2800,76.1450,76.1100,76.0700,76.1200,76.0600,75.9800,76.0300,76.0100,76.0028,76.0000,75.9900,75.9600,75.8850,75.9300,75.8800,75.9800,75.9800,76.0400,76.0400,76.0000,76.0200,75.9850,75.9500,75.8811,75.8600,75.9100,75.8500,75.9095,75.8700,75.9200,75.9100,75.8700,75.9450,75.9500,75.9100,75.9400,75.7300,75.7950,75.7700,75.7600,75.7300,75.6300,75.6100,75.6000,75.5785,75.6600,75.6800,75.7250,75.7205,75.7200,75.7399,75.7050,75.7850,75.7750,75.7900,75.7000,75.5499,75.5750,75.5400,75.5200,75.5200,75.5400,75.6424,75.7400,75.7700,75.6700,75.7300,75.7600,75.7700,75.8800,75.8900,75.8200,75.8618,75.9000,75.9700,75.9700,75.9650
568.8900,569.1500,570.7950,571.9600,571.7700,571.0000,568.7500,569.0825,568.6700,567.9400,567.3000,567.7350,567.1300,567.1900,568.3500,567.9700,568.1000,567.7000,568.0000,568.0200,567.8400,567.9300,568.3600,568.2000,567.5400,567.2850,567.7900,568.6550,568.8000,568.8500,567.9200,567.0600,568.2850,566.8650,566.6600,566.4600,566.4700,566.6500,566.5000,566.6000,566.1100,566.2700,566.3050,566.1300,565.6450,567.1300,566.0884,566.1100,566.5800,566.3100,565.6500,564.9750,564.0000,564.4200,565.4700,566.0750,566.7300,566.3400,566.4000,566.0850,566.2400,565.9761,564.8300,564.8400,565.7200,566.4000,565.3650,565.0700,564.9550,565.1250,564.5700,563.9800,563.5500,563.5000,563.4900,561.8400,561.5950,561.0150,561.0700,559.9000,560.4600,560.5500,560.8400,560.3600,560.5550,560.8900,560.9899,560.7850,562.2900,560.5900,560.6800,560.7300,561.8378,562.3600,561.7450,561.8000,562.5000,562.8300,563.3550,563.8100
91.7300,92.0000,91.8950,91.8850,91.7900,91.8350,91.6050,91.4700,91.5200,91.5600,91.5400,91.5800,91.3600,91.3400,91.2500,91.1300,90.9350,91.0200,91.1400,91.0000,90.8850,90.8500,90.7850,90.5100,90.6000,90.6100,90.6600,90.5300,90.3300,90.3500,90.3050,90.3500,90.3000,90.3000,90.2000,90.0200,90.0200,90.0200,89.9400,90.0200,90.0900,90.0800,90.0800,90.1300,90.0400,90.0200,89.9900,89.9800,90.0200,89.9700,90.0200,89.9600,89.9100,89.9300,89.9400,89.9800,90.0000,89.9100,90.0200,89.8300,89.8400,89.8400,89.8100,89.7700,89.7400,89.6600,89.7500,89.7600,89.8300,89.9800,90.0350,90.0600,90.0750,90.0400,90.0300,89.9950,89.9700,89.9000,89.8750,89.6000,89.6990,89.5700,89.4150,89.5150,89.5600,89.7900,89.7100,89.7600,89.8490,89.8200,89.9500,89.9200,90.0000,90.0500,89.9050,89.8300,89.8850,89.8700,89.8950,89.7800
77.0800,77.2648,77.0400,77.1150,77.1900,77.1800,77.1925,77.0250,77.0800,77.1605,76.8400,76.7900,76.7250,76.6726,76.6500,76.6200,76.5700,76.6350,76.6500,76.6388,76.6300,76.5964,76.6050,76.4600,76.4600,76.3500,76.5400,76.4300,76.4198,76.3850,76.2100,76.2200,76.1300,76.1400,76.2400,76.1134,76.1100,76.1660,76.1800,76.2549,76.4000,76.3100,76.2300,76.2100,76.1350,76.1401,76.1500,76.1200,76.2000,76.1342,76.0800,76.0300,76.0800,76.0500,76.0100,76.0400,76.0350,75.9650,75.9900,75.8800,75.8600,75.8300,75.7250,75.6600,75.5650,75.5300,75.5300,75.5200,75.6000,75.6700,75.6800,75.7000,75.6800,75.6800,75.6300,75.7150,75.7500,75.7800,75.7800,75.6200,75.7000,75.6700,75.6000,75.6020,75.7400,75.7446,75.7032,75.8100,75.7512,75.7599,75.8400,75.7900,75.7900,75.8800,75.8100,75.8400,75.8700,75.8800,75.8300,75.7200
136.9500,136.6300,136.4475,136.3400,136.0850,136.0550,136.0000,135.8050,135.8900,135.7250,135.9206,135.9350,135.8950,136.2150,136.1500,136.0800,136.0550,136.1237,135.9900,136.1300,136.1350,135.8600,135.7500,135.5550,135.3100,135.3400,135.4400,135.2300,135.4100,135.4300,135.7001,135.5100,135.1300,135.1200,135.0700,135.0350,135.2200,135.1450,134.9800,135.0700,134.5100,134.0450,133.6150,133.3200,133.5550,133.6850,133.7500,133.9400,134.1500,134.0700,134.2190,134.1100,134.1000,134.3100,134.4250,134.4500,134.3800,134.2700,134.4400,134.1900,134.5024,134.1400,134.1190,133.9400,133.7890,133.5950,133.4700,133.4300,133.2100,133.5800,133.5300,133.5200,133.6000,133.6900,133.5900,133.9000,134.2200,134.1200,134.1200,134.1200,134.1950,134.3200,134.3407,134.2700,134.3350,134.1500,133.9100,133.9601,133.9650,133.6800,134.3100,134.7000,134.7000,134.7100,134.7400,134.6550,134.9800,134.8800,134.6895,134.3200
5.3000,5.2950,5.2850,5.2950,5.2850,5.2800,5.2750,5.2750,5.2750,5.2750,5.2650,5.2700,5.2750,5.2750,5.2750,5.2650,5.2650,5.2650,5.2700,5.2700,5.2650,5.2650,5.2650,5.2500,5.2550,5.2600,5.2600,5.2850,5.2900,5.2850,5.2850,5.2850,5.2750,5.2750,5.2800,5.2750,5.2800,5.2850,5.2850,5.2850,5.2899,5.2850,5.2900,5.2850,5.2750,5.2750,5.2750,5.2750,5.2800,5.2750,5.2750,5.2750,5.2750,5.2750,5.2750,5.2700,5.2700,5.2650,5.2700,5.2700,5.2700,5.2650,5.2600,5.2550,5.2600,5.2550,5.2600,5.2600,5.2600,5.2600,5.2550,5.2550,5.2521,5.2500,5.2500,5.2450,5.2435,5.2450,5.2450,5.2350,5.2337,5.2350,5.2350,5.2350,5.2350,5.2400,5.2450,5.2450,5.2450,5.2400,5.2500,5.2550,5.2500,5.2550,5.2500,5.2550,5.2650,5.2600,5.2700,5.2550
154.9900,155.1500,154.6900,154.4950,154.5000,154.7000,154.7550,154.8500,154.7800,154.7550,154.3450,154.3300,154.3750,154.4500,154.2800,154.3050,154.2500,154.4600,154.5600,154.4700,154.4450,154.5000,154.4450,154.2450,154.3300,154.3600,154.5500,154.4800,154.3700,154.3200,154.1350,154.1300,154.1100,153.8500,153.9050,153.9100,153.8500,154.1700,154.1600,154.1950,154.2000,154.1600,153.9453,154.0550,154.0950,154.1600,154.1650,154.2100,154.2675,154.1300,153.8700,153.8500,153.9100,153.9450,153.8200,153.9200,153.8900,153.8078,153.7400,153.7214,153.7200,153.6250,153.5950,153.5100,153.5100,153.3400,153.3000,153.3500,153.5050,153.4800,153.3700,153.3650,153.3800,153.3400,153.2000,153.1900,153.1500,153.3400,153.4100,153.0800,153.1300,153.0800,153.0800,153.0800,153.0800,153.0800,153.0800,153.0800,153.0800,153.0800,153.0800,153.0800,153.0800,153.0800,153.0800,153.0800,153.0800,153.0800,153.0800,153.0800
135.1400,134.9300,134.7000,134.7100,134.8050,134.9700,135.0750,134.9400,135.0500,135.4300,135.1500,135.0800,135.0250,135.1900,135.0300,134.8300,134.8100,134.9300,135.0400,135.0500,135.2200,135.2800,135.1250,134.8901,134.8700,134.8900,135.0900,134.9300,134.7800,134.7600,134.6000,134.7100,134.7100,134.5100,134.3400,134.2415,134.2100,134.2612,134.3300,134.5000,134.5900,134.4600,134.3500,134.4800,134.3000,134.3100,134.3250,134.2700,134.6350,134.4500,134.5700,134.5600,134.6800,134.7750,134.4400,134.8000,134.8100,135.0000,134.9000,134.7600,134.7900,134.7250,134.7900,134.7800,134.7800,134.7500,134.7500,134.7500,134.7500,134.7500,134.7500,134.7500,134.7500,134.7500,134.7500,134.7500,134.7500,134.7500,134.7500,134.7500,134.7500,134.7500,134.7500,134.7500,134.7500,134.7500,134.7500,134.7500,134.7500,134.7500,134.7500,134.7500,134.7500,134.7500,134.7500,134.7500,134.7500,134.7500,134.7500,134.7500
95.3800,95.3499,95.2200,95.2700,95.3600,95.5500,95.5600,95.4400,95.5400,95.6050,95.5100,95.5450,95.4917,95.5200,95.5050,95.3300,95.3540,95.6100,95.6600,95.6000,95.6600,95.6300,95.6800,95.4700,95.4980,95.4450,95.5000,95.4100,95.3500,95.3000,95.1850,95.1600,95.0900,95.1050,95.1600,95.0300,95.0200,94.9800,94.9370,94.9700,94.9950,94.9900,94.9000,94.8300,94.9000,94.8900,94.9000,94.8700,94.9000,94.8500,94.8300,94.7650,94.8200,94.8600,94.8275,94.8000,94.8000,94.8000,94.8000,94.6900,94.7400,94.7500,94.7000,94.7208,94.7400,94.7000,94.7400,94.7500,94.8900,94.8500,94.8300,94.8600,94.8800,94.8000,94.6700,94.6900,94.6850,94.6500,94.5800,94.4700,94.4326,94.3600,94.3900,94.4400,94.5256,94.5600,94.6600,94.6350,94.5800,94.6600,94.8000,94.8000,94.9000,94.9250,94.8450,94.9101,94.9700,94.9700,94.9300,94.8400
23.8500,23.8200,23.7650,23.8050,23.8250,23.8500,23.8100,23.8700,23.8300,23.8850,23.8400,23.8600,23.8350,23.8650,23.8550,23.8500,23.8500,23.8571,23.8100,23.8050,23.8000,23.7700,23.7350,23.6500,23.6850,23.6800,23.7100,23.7150,23.7300,23.7250,23.7250,23.7250,23.7100,23.7250,23.7250,23.7250,23.7000,23.6950,23.7100,23.7550,23.7650,23.7927,23.7550,23.7600,23.7650,23.7550,23.7550,23.7520,23.7850,23.7750,23.7850,23.7900,23.8000,23.8100,23.8000,23.7900,23.7700,23.7700,23.7900,23.7750,23.7850,23.7750,23.7750,23.8000,23.7800,23.7800,23.7900,23.7950,23.7900,23.7800,23.7850,23.8300,23.8300,23.8200,23.8000,23.8200,23.8300,23.8400,23.8400,23.8100,23.8050,23.7900,23.8100,23.8700,23.8450,23.8900,23.9100,23.8950,23.9150,23.9100,23.9600,23.9300,23.9250,23.9200,23.8900,23.8400,23.8150,23.8000,23.8100,23.7900
91.0000,90.9500,90.7900,90.8416,90.9000,90.9400,90.9000,90.9700,91.0000,91.0200,90.7700,90.7500,90.7060,90.7200,90.5850,90.5600,90.5000,90.4938,90.4700,90.3600,90.3800,90.4900,90.5200,90.5100,90.5400,90.5800,90.6500,90.6200,90.6300,90.6600,90.6100,90.6511,90.6928,90.7100,90.6600,90.6100,90.6100,90.6450,90.6100,90.6650,90.6700,90.6900,90.6600,90.6400,90.5800,90.5600,90.5500,90.5500,90.6000,90.5800,90.5600,90.4900,90.5100,90.4800,90.5000,90.4900,90.4700,90.4400,90.5000,90.3900,90.4300,90.4000,90.3700,90.3200,90.2900,90.2700,90.3000,90.2700,90.3100,90.2700,90.2300,90.2300,90.1800,90.1000,90.0600,90.0600,90.1300,90.0200,90.0300,89.9000,89.9900,89.9500,89.9400,89.9400,90.0100,90.0400,90.0200,90.0700,90.1900,90.2300,90.3300,90.3800,90.4200,90.4800,90.4000,90.4150,90.4000,90.3900,90.4100,90.4200
753.7300,754.3900,753.3000,753.3100,752.8200,753.7700,752.5200,752.0300,751.9850,752.3549,750.5950,750.8100,750.2600,750.6709,750.4301,751.4900,750.9600,751.4150,751.8600,752.1400,751.0694,752.0900,752.5600,751.3300,751.9100,751.5100,751.7900,752.6338,751.2750,750.1950,750.1200,750.5250,750.5129,750.6000,750.8300,750.2800,750.7280,751.6100,751.2800,751.4200,753.0600,752.7700,751.4700,751.2870,751.3127,750.8600,751.3950,751.0800,751.7800,750.3650,750.5650,751.1250,751.3650,751.8557,752.9946,753.4400,754.1269,753.7750,754.7200,753.4100,754.5900,755.1700,754.0850,754.7500,754.1500,754.0000,753.8900,753.9556,754.8100,755.1100,754.9700,754.2600,753.5000,753.8921,752.8671,753.9200,752.5224,752.4250,753.3549,752.0000,751.8664,751.9732,750.4200,749.7900,750.3600,751.2950,751.7300,751.9994,750.8866,751.1900,752.3000,752.4200,752.9000,753.2700,752.3150,752.2786,752.2800,753.0813,753.5000,752.9220
124.5700,124.3600,124.3900,124.4500,124.5900,124.7700,124.5700,124.5500,124.4150,124.5050,123.9800,124.0100,124.1150,124.2000,124.0900,124.1350,124.1300,124.1400,124.2400,124.1400,124.0700,124.0400,123.9600,123.9200,124.0100,124.0300,124.0100,123.9600,124.0300,124.1200,124.0700,124.1100,124.1200,124.0900,124.1300,124.1000,124.1600,124.1750,124.1900,124.2300,124.3300,124.3100,124.2550,124.1800,124.1400,124.2400,124.2000,124.2700,124.3070,124.3500,124.3600,124.3400,124.3400,124.4800,124.3600,124.2600,124.3100,124.3250,124.3200,124.1650,124.2500,124.2100,124.1500,123.9900,124.0400,123.9000,123.8500,123.7700,123.8200,123.8300,123.8000,123.6500,123.7200,123.6800,123.6700,123.6500,123.7700,123.7900,123.9000,123.7736,123.8400,123.7900,123.7800,123.7100,123.8000,123.9200,123.9500,124.0650,124.5900,124.6600,124.8700,124.8400,124.6700,124.6200,124.5200,124.5600,124.3600,124.1650,124.1200,124.2900
113.5400,113.4400,113.2150,113.2200,113.3650,113.6300,113.6600,113.8000,113.8750,113.9150,113.3200,113.3900,113.2834,113.3751,113.2950,113.1950,113.2050,113.3700,113.5100,113.4800,113.4700,113.5200,113.5000,113.2700,113.2800,113.1600,113.1100,112.9963,112.8900,112.9700,112.9200,112.9400,113.0000,112.9000,112.9900,112.9100,112.9700,112.8900,112.9100,112.8900,112.8400,112.8000,112.8200,112.7200,112.7400,112.8000,112.8500,112.7600,112.7600,112.6350,112.6700,112.5500,112.6200,112.6300,112.6000,112.5000,112.4900,112.5600,112.6300,112.3700,112.3900,112.3500,112.3000,112.2470,112.2000,112.1800,112.1800,112.2200,112.2500,112.2800,112.2900,112.2790,112.2100,112.2000,112.1100,112.1100,112.1000,112.1000,112.0600,111.9200,111.9300,111.9200,111.8250,111.7917,111.8800,111.9300,111.9700,111.9550,111.9300,112.0400,112.1000,112.1200,112.2900,112.3550,112.2550,112.3400,112.4300,112.4200,112.4000,112.3300
29.0700,29.0100,29.0250,29.0200,29.0300,29.0499,29.1101,29.1400,29.2380,29.3000,29.1185,29.1500,29.1234,29.1400,29.2000,29.2650,29.2501,29.2700,29.2650,29.2650,29.2700,29.2700,29.2654,29.2299,29.2350,29.2250,29.2999,29.2700,29.2357,29.2007,29.1950,29.2201,29.2000,29.2450,29.2501,29.2100,29.2300,29.3050,29.3100,29.3323,29.3801,29.3510,29.3300,29.3150,29.2889,29.3050,29.3050,29.3550,29.3700,29.3450,29.3500,29.3201,29.3450,29.3495,29.3300,29.3299,29.3600,29.3500,29.3800,29.3399,29.3499,29.3400,29.3142,29.3099,29.2601,29.2550,29.2821,29.3190,29.3400,29.3600,29.3701,29.4200,29.3900,29.3700,29.3181,29.3000,29.3200,29.3101,29.2950,29.2600,29.3000,29.2750,29.2491,29.2450,29.2750,29.3180,29.3100,29.2800,29.2200,29.2350,29.2860,29.2207,29.2825,29.3100,29.2600,29.2301,29.2600,29.3113,29.3500,29.3100
215.5300,215.5750,215.4950,215.5400,215.4500,215.9900,216.0963,215.7000,215.5900,216.1900,215.2197,215.0300,214.5850,214.5300,214.4950,214.3500,213.9150,214.0600,214.1600,214.2400,214.4000,214.2000,214.0200,213.2158,213.6600,213.4700,213.7800,213.5800,213.5100,213.6200,213.3150,213.3800,213.1000,213.1700,212.7000,212.6908,212.5450,212.6300,212.5100,212.5800,212.6300,212.3400,211.8600,211.9900,211.8950,212.1300,212.2000,212.1300,212.0200,211.9500,211.8300,211.9200,211.9150,212.2800,212.0000,212.0600,212.0550,211.9600,212.0600,211.9800,212.3100,212.2300,212.1400,211.9800,211.5640,211.8100,212.1400,212.1700,212.1100,211.8900,211.5400,211.8800,211.6300,211.4200,211.4100,211.1841,211.3900,211.3900,211.0800,210.9900,210.7700,210.7850,210.7000,210.9100,211.0700,211.2100,210.9400,210.8300,211.0400,211.2900,211.5050,211.8550,212.0650,212.0800,211.8600,212.1338,212.2657,212.4800,212.5600,212.6250
153.7900,153.6800,153.6300,153.6900,153.8500,153.7800,153.6500,153.4000,153.3500,153.3550,152.6600,152.5800,152.4500,152.6300,152.5200,152.5200,152.5100,152.5400,152.5800,152.5500,152.6350,152.6401,152.6100,152.4600,152.5500,152.4800,152.5100,152.4000,152.4100,152.4900,152.4700,152.5200,152.4400,152.5500,152.5600,152.3857,152.3450,152.3100,152.3800,152.4400,152.5400,152.5200,152.5050,152.5600,152.4000,152.3700,152.3300,152.2600,152.3000,152.1500,152.1100,152.0400,152.0800,152.1300,152.0200,152.1800,152.1650,152.0900,151.9400,151.8600,151.9600,152.0100,151.9990,151.8000,151.8000,151.6800,151.7900,151.8500,151.8700,151.8900,151.9100,151.8000,151.8000,151.7490,151.7200,151.6700,151.6700,151.6400,151.5811,151.5500,151.6000,151.5600,151.5000,151.5600,151.6900,151.8700,151.8600,151.8650,151.8100,151.9000,151.9750,151.8900,151.8500,151.9600,151.8600,151.9300,151.8500,151.8200,151.8400,151.6500
209.9000,209.5800,209.4800,209.5500,209.6900,209.8400,209.6800,210.0500,210.0800,210.1200,209.1900,209.1300,208.9900,209.1700,209.0000,208.8600,208.8156,208.9300,209.1300,209.0000,208.8900,208.9400,208.9800,208.8100,208.7500,208.9200,209.1700,209.0800,209.0450,209.0450,209.0450,209.0450,209.0450,209.0450,209.0450,209.0450,209.0450,209.0450,209.0450,209.0450,209.0450,209.0450,209.0450,209.0450,209.0450,209.0450,209.0450,209.0450,209.0450,209.0450,209.0450,209.0450,209.0450,209.0450,209.0450,209.0450,209.0450,209.0450,209.0450,209.0450,209.0450,209.0450,209.0450,209.0450,209.0450,209.0450,209.0450,209.0450,209.0450,209.0450,209.0450,209.0450,209.0450,209.0450,209.0450,209.0450,209.0450,209.0450,209.0450,209.0450,209.0450,209.0450,209.0450,209.0450,209.0450,209.0450,209.0450,209.0450,209.0450,209.0450,209.0450,209.0450,209.0450,209.0450,209.0450,209.0450,209.0450,209.0450,209.0450,209.0450
270.4600,269.8100,269.8000,270.0700,269.9100,270.4675,270.3200,270.3300,270.6500,270.5000,269.9400,269.5700,269.3100,269.5800,269.3100,269.2850,268.9875,269.2550,269.6900,269.5900,269.7400,269.9650,269.9000,269.7300,269.3850,269.2550,269.3700,269.2300,268.9800,269.0400,269.0400,268.8400,269.0000,269.1700,268.8800,269.0100,269.0000,268.8900,269.0200,269.2050,269.0101,268.8900,269.0050,268.9100,268.6800,268.9100,268.9200,268.8000,269.0000,268.7700,268.7000,268.6600,268.8441,268.7300,269.0000,268.9200,268.9100,268.9300,269.0000,268.8200,268.8000,268.8700,268.7900,269.0000,268.9800,269.0350,269.0000,269.0000,269.0200,269.0900,269.0000,268.9550,269.0700,269.0200,268.9650,268.9800,269.1450,269.0500,268.9000,268.6500,268.7300,268.6900,268.7700,268.8150,268.9700,269.1950,269.3600,269.4000,269.5500,269.5000,269.7500,269.8299,269.6900,269.6300,269.6600,269.7700,269.7400,269.7800,269.6800,269.5900
44.4950,44.4500,44.3700,44.2900,44.3300,44.4400,44.3607,44.4000,44.4600,44.4900,44.4650,44.4700,44.4450,44.4600,44.4400,44.4000,44.3600,44.3900,44.3900,44.4100,44.3500,44.3450,44.3400,44.2600,44.2450,44.2800,44.2810,44.2500,44.2100,44.2000,44.1750,44.1550,44.1564,44.1650,44.1700,44.1100,44.1100,44.1197,44.0800,44.1000,44.1200,44.1000,44.1100,44.1100,44.0700,44.0400,44.0450,44.0394,44.0657,44.0494,44.0600,44.0600,44.0500,44.0300,44.0600,44.0900,44.1550,44.1700,44.2400,44.1750,44.2050,44.1900,44.1600,44.1350,44.1400,44.1700,44.2050,44.2100,44.2200,44.2600,44.2215,44.2200,44.2200,44.2050,44.1900,44.2050,44.2003,44.1800,44.1500,44.1100,44.1800,44.1330,44.1300,44.1300,44.1700,44.1900,44.2075,44.1850,44.1800,44.1850,44.2100,44.2300,44.2550,44.2800,44.2800,44.2600,44.3000,44.2600,44.2400,44.2300
149.3000,149.1100,149.0050,148.9700,149.2650,149.4100,149.2050,148.9150,148.9800,149.2100,149.0000,149.0700,149.2300,149.1550,149.1500,149.2100,149.1100,149.2700,149.2800,149.3000,149.2300,149.2250,149.2100,149.1100,149.1100,148.9000,148.9700,148.9100,148.9400,148.9400,148.8800,148.9450,148.9500,148.8400,148.8000,148.7750,148.7000,148.6200,148.4950,148.8200,148.9900,148.9700,148.8600,149.0000,148.9300,148.7750,148.7999,148.7600,148.8500,148.6000,148.5600,148.7282,148.8300,148.8000,148.7150,148.7300,148.7050,148.5500,148.5000,148.2850,148.2400,148.2600,148.3200,148.4450,148.4150,148.2434,148.3900,148.4600,148.4850,148.4800,148.6800,148.5150,148.5300,148.4800,148.2600,148.2900,148.3700,148.4200,148.2700,148.0300,148.1850,148.0900,147.8550,148.0900,148.4400,148.5350,148.6760,148.6015,148.4500,148.5600,148.8950,148.5750,148.9650,148.8900,148.6350,148.9347,149.1000,149.1100,149.1000,149.1250
42.3150,42.2750,42.1900,42.2200,42.3000,42.3400,42.3600,42.3400,42.4200,42.4700,42.3000,42.2700,42.2400,42.2800,42.2750,42.2300,42.2001,42.2600,42.2700,42.3200,42.2675,42.2100,42.2300,42.1300,42.1400,42.1300,42.1877,42.1600,42.0800,42.1000,42.0300,42.0300,41.9800,42.0000,42.0100,41.8850,41.8700,41.9100,41.8750,41.9050,41.9700,41.9600,41.9300,41.9100,41.8600,41.8750,41.8900,41.8507,41.8743,41.8400,41.8500,41.8100,41.8400,41.8550,41.8300,41.8400,41.8500,41.8400,41.8850,41.8116,41.8200,41.8300,41.7700,41.7300,41.7050,41.6900,41.7401,41.7800,41.7900,41.8000,41.8200,41.8100,41.8000,41.8100,41.7800,41.7900,41.7600,41.7900,41.7500,41.6800,41.7100,41.7100,41.6800,41.6900,41.7300,41.7800,41.8000,41.7600,41.7300,41.7700,41.8250,41.7949,41.8500,41.8600,41.8250,41.8100,41.8200,41.8500,41.8630,41.8500
195.0600,195.0100,194.9400,194.8000,195.0100,194.8600,195.1100,195.4900,195.8100,195.8100,195.3950,195.3950,195.3400,195.5200,195.2800,195.2700,195.0300,195.0800,195.4700,195.3100,195.2400,195.2600,195.2850,195.0800,195.1200,195.1250,195.3300,195.2450,195.0500,195.1500,195.0900,195.1500,194.9900,195.0200,195.0700,195.1300,195.2100,195.3200,195.3200,195.7700,195.8200,195.8200,195.7800,195.7400,195.6500,195.6400,195.6900,195.6100,195.6500,195.5900,195.6300,195.5300,195.4900,195.5350,195.4900,195.3900,195.4100,195.6350,195.4600,195.3400,195.4700,195.3400,195.3300,195.2000,195.1800,195.0100,195.1100,195.0400,195.1300,195.0600,195.0200,195.0100,194.9400,194.9900,194.8700,194.9200,195.0000,195.0600,195.0300,194.9000,194.9600,194.7800,194.7200,194.6300,194.7200,194.6900,194.5100,194.4700,194.4400,194.4300,194.5800,194.6300,194.7250,194.8100,194.4300,194.2900,194.3600,194.2200,194.2200,194.2200
67.1500,67.0800,67.0200,67.0800,67.1400,67.2650,67.2500,67.2800,67.2800,67.3600,66.9500,66.9100,66.8700,66.9200,66.8700,66.7600,66.6800,66.7300,66.7750,66.7200,66.7050,66.6900,66.6800,66.5800,66.6100,66.5700,66.6300,66.5900,66.5400,66.5350,66.5000,66.4500,66.4300,66.4300,66.3800,66.3500,66.3100,66.3100,66.3300,66.3800,66.3900,66.3700,66.3800,66.3650,66.3000,66.2750,66.2500,66.2250,66.2350,66.1700,66.1450,66.0900,66.0900,66.1100,66.1100,66.1100,66.0800,66.1000,66.1160,66.0700,66.0900,66.0600,66.0200,66.0000,65.9750,65.9950,65.9900,65.9900,66.0100,66.0300,66.0750,66.0700,66.0200,66.0200,66.0050,66.0100,66.0000,65.9700,65.9400,65.8700,65.9300,65.8600,65.8640,65.8592,65.8800,65.9700,65.9800,65.9700,65.9450,65.9700,66.0200,66.0450,66.1000,66.1200,66.1100,66.1300,66.1300,66.1000,66.0300,66.0050
88.9900,89.0500,88.9600,88.9900,89.0300,89.1100,89.0900,89.2100,89.2500,89.3000,89.0000,89.0600,89.0650,89.1900,89.1800,89.1300,89.1400,89.3000,89.2500,89.1700,89.2100,89.2400,89.1900,89.0400,89.0400,89.0150,89.0100,88.9850,88.9200,88.9500,88.8700,88.8550,88.8100,88.7900,88.8100,88.7500,88.7900,88.7900,88.7900,88.7500,88.7900,88.8200,88.7500,88.7300,88.6950,88.6700,88.7200,88.7000,88.7550,88.6600,88.6900,88.6800,88.7400,88.7600,88.7100,88.6750,88.6700,88.6700,88.6800,88.5500,88.5900,88.5300,88.4200,88.4200,88.3300,88.3700,88.4000,88.3800,88.4300,88.4600,88.4600,88.5600,88.5796,88.5300,88.4700,88.4600,88.4700,88.5000,88.4200,88.2800,88.2800,88.2900,88.3200,88.3100,88.3200,88.4500,88.4800,88.6300,88.5400,88.5400,88.6500,88.6200,88.7100,88.7150,88.6500,88.6900,88.7500,88.7500,88.7300,88.7300
