4/13/2020 16:00,4/13/2020 15:55,4/13/2020 15:50,4/13/2020 15:45,4/13/2020 15:40,4/13/2020 15:35,4/13/2020 15:30,4/13/2020 15:25,4/13/2020 15:20,4/13/2020 15:15,4/13/2020 15:10,4/13/2020 15:05,4/13/2020 15:00,4/13/2020 14:55,4/13/2020 14:50,4/13/2020 14:45,4/13/2020 14:40,4/13/2020 14:35,4/13/2020 14:30,4/13/2020 14:25,4/13/2020 14:20,4/13/2020 14:15,4/13/2020 14:10,4/13/2020 14:05,4/13/2020 14:00,4/13/2020 13:55,4/13/2020 13:50,4/13/2020 13:45,4/13/2020 13:40,4/13/2020 13:35,4/13/2020 13:30,4/13/2020 13:25,4/13/2020 13:20,4/13/2020 13:15,4/13/2020 13:10,4/13/2020 13:05,4/13/2020 13:00,4/13/2020 12:55,4/13/2020 12:50,4/13/2020 12:45,4/13/2020 12:40,4/13/2020 12:35,4/13/2020 12:30,4/13/2020 12:25,4/13/2020 12:20,4/13/2020 12:15,4/13/2020 12:10,4/13/2020 12:05,4/13/2020 12:00,4/13/2020 11:55,4/13/2020 11:50,4/13/2020 11:45,4/13/2020 11:40,4/13/2020 11:35,4/13/2020 11:30,4/13/2020 11:25,4/13/2020 11:20,4/13/2020 11:15,4/13/2020 11:10,4/13/2020 11:05,4/13/2020 11:00,4/13/2020 10:55,4/13/2020 10:50,4/13/2020 10:45,4/13/2020 10:40,4/13/2020 10:35,4/13/2020 10:30,4/13/2020 10:25,4/13/2020 10:20,4/13/2020 10:15,4/13/2020 10:10,4/13/2020 10:05,4/13/2020 10:00,4/13/2020 9:55,4/13/2020 9:50,4/13/2020 9:45,4/13/2020 9:40,4/13/2020 9:35
275.58,275.45,276.36,275.96,275.67,275.55,274.85,274.69,274.86,273.63,273.4099,273.4,274.27,273.9725,274.04,273.37,273.495,273.8634,273.5969,273.5,273.785,273.19,274.0115,274.32,274.12,274.365,273.74,273.98,273.77,273.28,272.89,272.75,272.94,272.76,273.435,273.04,273.29,273.128,274.076,273.8675,273.61,273.63,274.162,274.61,274.93,274.77,274.2583,274.38,273.6173,273.9,273.8,272.9301,273.179,273.195,273.5,272.955,272.55,272.209,271.6437,272.34,272.7298,272.32,272.67,272.48,272.73,273.53,273.48,272.87,273.69,274.81,275.1699,275.18,274.17,274.64,274.44,275.14,276.64,276.07
7.55,7.555,7.615,7.605,7.59,7.59,7.53,7.595,7.655,7.635,7.62,7.655,7.73,7.725,7.72,7.6675,7.69,7.71,7.72,7.725,7.665,7.635,7.66,7.603,7.6,7.61,7.6,7.606,7.605,7.55,7.52,7.51,7.5,7.5098,7.52,7.54,7.51,7.42,7.4,7.36,7.35,7.36,7.382,7.415,7.45,7.45,7.4,7.37,7.36,7.39,7.34,7.36,7.35,7.362,7.395,7.36,7.31,7.2417,7.18,7.205,7.19,7.24,7.24,7.31,7.325,7.38,7.33,7.21,7.285,7.35,7.34,7.305,7.29,7.34,7.185,7.195,7.3362,7.41
11.56,11.5173,11.5899,11.525,11.5161,11.515,11.515,11.435,11.415,11.37,11.4161,11.4399,11.52,11.51,11.5415,11.515,11.56,11.6267,11.6448,11.65,11.695,11.605,11.64,11.6156,11.62,11.645,11.58,11.615,11.6086,11.66,11.565,11.5474,11.58,11.626,11.7275,11.67,11.66,11.62,11.725,11.72,11.615,11.6,11.655,11.755,11.8801,11.95,11.79,11.735,11.69,11.705,11.64,11.58,11.6079,11.5903,11.7061,11.6381,11.575,11.525,11.41,11.44,11.39,11.44,11.51,11.545,11.5444,11.6,11.6829,11.5,11.57,11.7171,11.709,11.7399,11.62,11.74,11.6538,11.6,11.8809,11.99
273.25,273.255,273.47,272.92,272.6297,272.0619,271.43,270.925,270.74,269.59,269.15,269.1,269.9,269.75,269.9,269.09,269.32,269.605,269.405,269.1,269.32,268.8875,269.4299,269.31,269.4644,269.29,268.66,268.66,268.61,268.53,268.19,267.85,268.06,267.645,268.31,268.132,268.39,267.97,268.51,268.17,267.92,267.91,268.2359,268.64,268.82,269.0401,268.34,268.68,267.81,268.579,268.98,268.56,268.53,268.1,267.9666,267.63,267.14,266.47,266.0182,266.425,266.82,266.6945,267.31,266.8942,267.38,268.04,267.65,267.52,267.79,268.72,268.835,268.465,267.3,267.18,267.445,268.16,269.535,268.2
80.38,80.05,80.2,80.2199,80.23,80.29,79.83,79.8935,79.96,79.6857,79.595,79.5472,79.83,79.72,79.64,79.365,79.54,79.55,79.45,79.4402,79.47,79.24,79.38,79.44,79.43,79.55,79.25,79.29,79.43,79.24,79.355,79.29,79.2807,79.3,79.47,79.239,79.45,79.49,79.87,79.75,79.6891,79.68,79.965,79.99,80.1869,80.2,80.09,80.2,79.63,79.76,79.65,79.37,79.39,79.3,79.2975,79.26,79.13,79.085,78.71,79.06,79.42,79.34,79.43,79.56,79.55,79.87,80.05,79.785,80.225,80.602,80.5,80.45,80.5,80.55,80.1759,80.54,80.9603,80.5903
320.8,320.595,319.945,319.68,319.48,319.26,318.66,319.215,318.96,317.695,317.84,318.02,318.49,318.7,318.34,317.32,317.89,318.02,317.59,317.54,317.55,317.06,318.0867,318.2574,317.94,318.36,317.565,317.295,317.2,316.88,316.55,316.04,316.46,316.145,316.88,316,315.71,315.76,316.78,316.37,316.185,316.27,316.41,316.79,316.46,315.99,315.215,315.61,315.0996,315.3207,315.65,314.33,314.89,315.5957,316.24,315.345,314.3,314.34,314.1601,314.71,314.73,314.32,315.6614,314.58,314.46,314.74,314.98,314.95,316,316.77,317.04,315.9203,314.1,315.53,315.2,316.43,318.05,316.615
160.95,161.25,161.13,160.72,160.15,160.4,159.87,159.8087,159.97,158.775,158.82,158.85,159.02,158.89,159.1,159.04,159.12,159.3,159.35,159.45,159.34,159.09,159.38,159.52,159.7,159.97,159.53,159.47,159.42,159.305,159.17,159.01,159,159.24,159.1,159.275,159.16,158.99,159.15,159.075,158.805,159.09,159.21,158.655,158.23,158.403,158.375,158.5,157.75,157.78,157.74,157.081,157.38,157.732,157.95,157.81,157.4267,156.9615,157.02,157.93,158.14,157.75,158.39,158.17,158.92,158.45,159.08,159.21,159.695,160.65,161.01,161.105,160.52,161.53,160.33,160.3951,161.62,161.8114
49.89,49.82,49.83,49.77,49.81,49.8115,49.64,49.5749,49.6,49.27,49.21,49.26,49.41,49.37,49.4,49.25,49.31,49.405,49.29,49.31,49.34,49.2,49.42,49.51,49.51,49.65,49.48,49.5504,49.49,49.37,49.22,49.21,49.1,49.04,49.19,49.065,49.13,49.07,49.2905,49.21,49.2,49.24,49.33,49.56,49.5199,49.35,49.07,48.98,48.7,48.81,48.82,48.55,48.61,48.58,48.71,48.53,48.46,48.635,48.5501,48.7539,48.9,48.82,49.01,48.86,48.8333,48.925,48.84,48.58,48.725,49.1,49.12,49,48.6,48.8,48.6,48.91,49.17,49.04
50.95,50.93,51.03,50.9501,50.875,50.73,50.62,50.63,50.645,50.35,50.3,50.2916,50.45,50.325,50.36,50.18,50.255,50.3516,50.2905,50.273,50.265,50.083,50.22,50.25,50.21,50.3698,50.16,50.04,49.88,49.85,49.78,49.7911,49.86,49.795,49.98,49.85,49.88,49.7814,49.92,49.94,49.85,49.77,49.8573,49.95,50.005,49.9821,49.79,49.99,49.86,50.05,50.24,49.89,49.86,49.87,49.96,49.84,49.66,49.55,49.33,49.5301,49.68,49.72,49.675,49.58,49.495,49.6302,49.44,49.115,49.14,49.405,49.3718,49.39,49.02,49.005,48.92,48.925,49.13,48.66
6.38,6.395,6.4287,6.415,6.395,6.44,6.4557,6.45,6.47,6.38,6.39,6.375,6.39,6.415,6.3996,6.395,6.39,6.38,6.385,6.4229,6.45,6.42,6.42,6.38,6.36,6.36,6.33,6.355,6.34,6.325,6.35,6.31,6.35,6.32,6.2547,6.25,6.3,6.2981,6.445,6.4467,6.435,6.435,6.435,6.435,6.405,6.39,6.4299,6.37,6.28,6.293,6.295,6.288,6.3301,6.315,6.295,6.275,6.215,6.19,6.185,6.23,6.26,6.22,6.18,6.19,6.235,6.24,6.24,6.205,6.2301,6.33,6.25,6.25,6.18,6.0201,6.03,6.035,6.161,6.125
2168.15,2169.9751,2176.6001,2177.71,2172.5649,2179.26,2174.593,2171.9299,2172.1399,2164.915,2161.2,2158.8,2162.49,2159.45,2152.8999,2149,2150.2024,2150.6499,2147.76,2148.28,2151.51,2149.0229,2152.0149,2154.3906,2150.6345,2148.7981,2145.2949,2142.1042,2141.8101,2141.947,2134.99,2133.5649,2135.49,2133.395,2142,2133.6101,2131.3491,2130.3501,2135.5703,2136.4399,2130.1306,2131.74,2133,2142.001,2141.6465,2145.52,2146.45,2146.3723,2136.895,2143.1001,2144.47,2135,2139,2135.8101,2134.6499,2127.3523,2126.385,2124.1799,2117.78,2119,2114.5315,2112.55,2117.01,2113.8101,2107.9399,2110.6841,2102.6399,2100.25,2099.9299,2107.4951,2108.3474,2096.115,2077.1499,2072.8501,2069.02,2067.1599,2073.0276,2052.3501
62.73,62.86,62.69,62.7,62.65,62.7527,62.52,62.5,62.525,62.41,62.41,62.465,62.5433,62.64,62.47,62.3,62.35,62.37,62.23,62.125,62.17,62,62.25,62.375,62.46,62.49,62.31,62.245,62.17,62.06,62.02,61.9486,61.93,61.85,62.03,61.84,61.82,61.82,62.05,62.02,62,61.99,61.88,61.955,61.97,62.015,61.94,62.065,61.87,61.885,62.09,61.8,61.8,61.67,61.63,61.605,61.48,61.43,61.49,61.605,61.49,61.33,61.5184,61.48,61.44,61.59,61.435,61.59,61.64,61.9,61.97,61.8,61.585,61.76,61.635,61.6,61.41,60.37
4.16,4.13,4.145,4.155,4.16,4.145,4.15,4.125,4.115,4.105,4.11,4.11,4.11,4.13,4.135,4.11,4.15,4.15,4.125,4.1592,4.14,4.11,4.085,4.08,4.06,4.06,4.02,4.025,4.03,4.03,3.99,3.995,3.99,3.9626,3.965,3.99,3.96,3.92,3.92,3.905,3.8763,3.8708,3.85,3.845,3.825,3.86,3.84,3.87,3.87,3.855,3.865,3.9,3.8799,3.8608,3.875,3.85,3.795,3.82,3.78,3.7515,3.74,3.705,3.735,3.725,3.73,3.7204,3.7,3.65,3.61,3.6329,3.66,3.6109,3.57,3.635,3.66,3.6175,3.7,3.71
90.31,90.63,90.89,90.769,90.57,90.51,90.5,90.4,90.66,90.17,90.12,90.11,90.35,90.09,90.1136,89.8174,90.1179,90.57,90.0956,90.1281,90.3103,90.07,90.38,90.335,90.11,90.35,90.08,90.14,90.248,90.13,89.935,89.86,90.1326,89.73,89.98,89.84,89.98,89.96,90.38,90.225,89.695,89.674,89.885,90.055,90.4,90.21,90.1199,89.79,89.61,89.52,89.54,89.13,89.082,89.04,88.83,88.5815,88.75,88.6501,88.06,88.44,88.67,88.87,89.1,88.5613,88.88,89.5005,89.58,89.1035,89.2,89.6601,90.39,90.36,90.27,90.52,90.3506,90.37,90.9808,91.59
147.34,147.5,148.3596,147.7899,147.755,147.82,147.3413,147.0946,147.39,146.77,146.6,146.385,147.15,147.22,147.05,146.99,147.06,147.56,147.7157,147.56,147.7894,147.17,147.735,147.44,147.02,147.4005,147.082,147.42,147.58,147.235,147.14,146.93,147.18,147.2,148.11,147.9966,148.11,148.06,149.035,148.8664,148.4257,148.7237,148.8642,149.367,150.0999,150.41,149.2845,148.4,147.6,148.4563,148.1266,147.48,147.61,147.8637,148.7868,148.1691,147.85,147.51,147.12,147.74,148.34,148.4739,149.54,149.55,150.255,150.651,150.6643,149.65,149.8598,150.8935,151.14,151.3106,149.83,149.945,149.73,151.985,153.758,152.11
199.59,199.58,200.25,200.13,200.25,200.21,200.18,199.91,199.91,199.4,199.44,199.33,199.655,199.75,199.95,199.41,199.615,199.895,199.8,199.6614,199.66,199.05,199.38,199.62,199.19,199.36,199.27,198.9399,198.89,198.94,198.4435,198.31,198.44,198.24,198.2,197.89,198.02,197.59,197.99,197.785,197.63,197.52,197.87,198.18,198.47,198.55,198.31,198.25,197.93,197.94,198,198.22,197.87,197.7069,197.59,197.57,197.23,196.85,196.4045,196.61,196.7127,196.6,196.81,196.68,196.22,196.145,196.106,196,196.285,197.15,196.75,196.705,196.33,196.56,196.11,195.925,197.6,197.66
23.93,23.925,24.075,24.0467,24.005,23.98,24.01,23.9736,23.98,23.82,23.825,23.855,23.99,23.895,23.875,23.8542,23.865,23.9226,23.9187,23.9317,23.99,23.995,24.005,24.03,23.99,24.05,23.99,24.045,24.05,23.985,23.96,23.94,23.965,23.935,24.03,24.03,23.99,23.985,24.085,24.07,24.05,24.04,24.08,24.17,24.21,24.1969,24.14,24.0972,24.15,24.225,24.115,24.06,24.105,24.0811,24.07,24.03,24.01,23.9426,23.805,23.98,23.98,23.98,24.08,24.01,23.9435,24.06,24.15,24.025,24.075,24.225,24.27,24.345,24.25,24.225,24.005,24.105,24.1589,24.3389
3.87,3.87,3.88,3.88,3.85,3.835,3.82,3.81,3.825,3.81,3.8,3.79,3.81,3.815,3.805,3.8,3.8,3.7975,3.79,3.7997,3.79,3.775,3.8,3.8,3.79,3.805,3.78,3.76,3.77,3.78,3.77,3.77,3.79,3.795,3.785,3.77,3.78,3.7599,3.775,3.76,3.755,3.75,3.76,3.7676,3.77,3.77,3.755,3.74,3.74,3.74,3.75,3.72,3.71,3.7,3.72,3.695,3.6875,3.671,3.665,3.6849,3.71,3.695,3.715,3.71,3.7,3.73,3.755,3.705,3.77,3.825,3.81,3.79,3.76,3.76,3.7282,3.77,3.84,3.77
5.26,5.28,5.32,5.315,5.32,5.3,5.265,5.265,5.27,5.245,5.22,5.2,5.23,5.215,5.225,5.215,5.24,5.245,5.23,5.24,5.25,5.2,5.245,5.245,5.22,5.22,5.225,5.245,5.255,5.245,5.24,5.24,5.2225,5.28,5.33,5.285,5.3,5.275,5.325,5.3001,5.29,5.295,5.33,5.3846,5.38,5.435,5.34,5.31,5.31,5.34,5.32,5.295,5.28,5.325,5.4,5.36,5.4001,5.36,5.3,5.29,5.29,5.2327,5.23,5.275,5.31,5.315,5.2223,5.13,5.13,5.2217,5.2302,5.265,5.25,5.2615,5.1057,5.165,5.3509,5.36
4.38,4.365,4.375,4.36,4.365,4.35,4.345,4.325,4.33,4.305,4.295,4.285,4.32,4.315,4.325,4.3,4.3,4.32,4.3,4.31,4.315,4.3,4.32,4.325,4.31,4.305,4.26,4.26,4.25,4.24,4.26,4.24,4.2473,4.24,4.26,4.25,4.25,4.25,4.275,4.265,4.26,4.26,4.26,4.2762,4.27,4.255,4.24,4.23,4.21,4.2,4.2,4.17,4.2,4.2,4.2,4.19,4.185,4.18,4.179,4.19,4.2,4.195,4.195,4.18,4.195,4.225,4.23,4.185,4.2,4.22,4.235,4.23,4.2,4.195,4.19,4.185,4.2199,4.2
68.36,68.41,68.66,68.51,68.43,68.34,68.37,68.32,68.73,68.34,68.41,68.18,68.5,68.3,68.37,68.05,68.15,68.18,68.01,67.95,67.86,67.605,67.89,68,68.01,68.1545,67.88,67.955,67.78,67.68,67.79,67.42,67.48,67.32,67.38,67.19,67.21,66.96,67.26,67.12,67.135,67.28,67.665,67.84,67.63,67.72,67.42,67.04,66.86,66.81,66.829,66.93,67.18,67.15,67.255,67.28,67.31,67.08,66.69,66.5826,66.495,66.61,66.615,66.54,66.7,66.305,65.945,65.6,65.805,66.42,66.36,66.76,66.25,65.68,65.0469,65.515,65.0056,65.88
17.84,17.84,17.97,17.93,17.885,17.885,17.855,17.85,17.83,17.765,17.76,17.72,17.84,17.84,17.885,17.855,17.85,17.94,17.915,17.92,17.84,17.79,17.8399,17.825,17.82,17.81,17.83,17.79,17.82,17.81,17.87,17.87,17.91,17.88,17.87,17.825,17.84,17.93,18,17.93,18,18.09,18.13,18.15,18.19,18.12,17.965,18.005,17.88,17.8801,17.95,17.9,17.82,17.825,18.03,17.9896,17.92,17.82,17.761,17.86,17.83,17.76,17.74,17.804,17.93,18.02,17.85,18.03,18.18,18.4,18.205,18.21,18.08,18.3048,18.26,18.35,18.74,18.365
98.37,98.33,98.65,98.56,98.5887,98.61,98.68,98.48,98.56,98.27,98.325,98.52,98.74,98.73,98.51,98.435,98.33,98.18,98.18,98.43,98.45,98.435,98.6,98.62,98.55,98.65,98.55,98.685,98.85,98.79,98.57,98.47,98.73,98.52,98.65,98.69,98.66,98.3,98.47,98.51,98.56,98.88,99.11,99.069,99.14,99.23,99.2,99.115,98.86,98.78,98.9,98.74,98.6,98.795,99.22,99.31,99.2,99.33,99.07,99.27,99.71,99.3,99.55,99.38,99.41,99.23,98.92,98.71,98.77,99.76,99.8,99.6,98.9,99.2068,98.78,98.5,98.7,99.19
26.18,26.21,26.28,26.22,26.21,26.195,26.2,26.13,26.16,26.12,26.1,26.1,26.14,26.14,26.13,26.105,26.14,26.135,26.17,26.185,26.2,26.145,26.17,26.135,26.075,26.07,26.045,26.03,26.05,25.96,25.99,25.9987,26.01,25.995,26.03,26.04,26.06,26.085,26.13,26.1294,25.99,26.03,26.13,26.21,26.26,26.2,26.32,26.38,26.375,26.24,26.15,26.1,25.9996,26.04,26.155,26.13,26.06,26,25.91,25.95,25.965,25.97,26.08,26.11,26.03,26.01,25.98,26.07,25.89,26.04,26.2094,26.28,26,26.27,26.5173,26.895,26.82,26.8327
21.27,21.26,21.31,21.315,21.29,21.285,21.27,21.26,21.25,21.245,21.215,21.19,21.29,21.24,21.24,21.25,21.24,21.215,21.19,21.195,21.19,21.175,21.245,21.16,21.2,21.195,21.195,21.195,21.175,21.17,21.2,21.175,21.17,21.16,21.1599,21.13,21.105,21.055,21.14,21.175,21.17,21.245,21.26,21.253,21.28,21.295,21.295,21.265,21.255,21.255,21.24,21.215,21.22,21.2144,21.22,21.2,21.21,21.205,21.16,21.17,21.21,21.2,21.21,21.205,21.28,21.27,21.2,21.3,21.36,21.445,21.45,21.4419,21.4611,21.405,21.35,21.3734,21.35,21.37
58.93,58.95,59.38,59.269,59.28,59.25,59.12,59.04,59.075,58.89,58.895,58.94,59.11,59.09,59.035,58.96,58.92,59.01,58.935,58.9,58.955,58.84,58.97,59.055,59.005,59.06,58.965,59.014,58.9258,58.82,58.75,58.755,58.8,58.755,58.83,58.8,58.86,58.82,59.04,58.95,59,59.07,59.0773,59.055,58.995,58.945,58.86,58.81,58.72,58.73,58.68,58.505,58.59,58.54,58.555,58.56,58.51,58.49,58.51,58.54,58.54,58.3,58.09,58.1,58.125,58.34,58.31,58.2757,58.55,58.87,58.76,58.77,58.55,58.615,58.7835,58.585,58.73,58.6
24.9,24.82,24.92,24.9244,24.845,24.835,24.775,24.75,24.79,24.7037,24.68,24.69,24.76,24.68,24.7251,24.715,24.735,24.79,24.78,24.87,24.89,24.79,24.8159,24.91,24.82,24.85,24.75,24.935,24.95,24.89,24.855,24.8,24.81,24.815,24.8,24.76,24.79,24.74,24.81,24.755,24.73,24.74,24.805,24.9263,24.96,24.96,24.9,24.83,24.8,24.8,24.77,24.67,24.71,24.8,24.9086,24.83,24.78,24.7006,24.6,24.66,24.72,24.65,24.828,24.88,24.92,25.02,25.015,24.82,24.89,25,25.0415,25.1499,25.12,25,24.81,24.82,25.02,25.02
3.65,3.645,3.67,3.69,3.7,3.6484,3.61,3.625,3.655,3.63,3.59,3.565,3.54,3.54,3.526,3.535,3.46,3.46,3.49,3.52,3.565,3.6,3.64,3.69,3.68,3.66,3.66,3.68,3.69,3.7,3.6662,3.665,3.63,3.65,3.69,3.715,3.69,3.7,3.6827,3.69,3.7,3.71,3.675,3.685,3.715,3.725,3.74,3.67,3.64,3.65,3.67,3.585,3.58,3.5807,3.59,3.605,3.5773,3.54,3.52,3.58,3.56,3.5413,3.54,3.555,3.65,3.64,3.565,3.47,3.4806,3.5285,3.42,3.36,3.38,3.375,3.3011,3.28,3.32,3.31
47.57,47.46,47.76,47.614,47.51,47.335,46.8773,46.8,46.825,46.7,46.71,46.705,46.85,46.76,46.72,46.6247,46.62,46.66,46.635,46.65,46.6709,46.605,46.625,46.65,46.6,46.655,46.61,46.64,46.75,46.55,46.365,46.37,46.73,46.805,46.9,46.81,46.97,46.84,46.8223,46.8887,46.79,46.725,46.74,46.87,46.87,46.9119,46.76,46.78,46.7,46.83,46.8,46.62,46.8,46.735,46.45,46.2,45.87,45.6485,45.425,45.76,45.83,46.111,46.36,45.92,46.355,46.46,46.5967,46.45,46.4361,46.65,47.06,47.15,47,47.33,46.865,47.345,48.03,48.72
46.67,46.79,47.23,47.135,47.135,47.0699,47.045,47.08,47.09,46.72,46.53,46.54,46.78,46.655,46.765,46.62,46.66,46.965,46.97,46.97,47.04,46.9553,46.995,46.99,46.82,46.995,46.885,46.98,46.965,46.75,46.705,46.68,46.705,46.655,46.79,46.795,46.66,46.68,46.87,46.7731,46.715,46.68,46.8,46.925,47.08,47.095,47.01,46.91,46.8,46.795,46.735,46.49,46.48,46.51,46.335,46.155,46.055,45.7932,45.575,45.86,45.68,45.66,45.845,45.8,45.7597,45.905,45.98,45.665,45.685,46.058,46.125,46.175,45.88,46.0474,45.5,45.76,46.2775,46.59
114.17,114.16,114.58,114.44,114.4806,114.32,114.4,114.26,114.3,113.985,113.875,113.73,114.06,114.155,114.38,114.07,114.255,114.28,114.2047,114.4883,115.0633,114.72,115.54,115.615,115.055,115.25,114.72,114.885,114.76,114.53,114.57,114.27,114.3,114.12,114.4,114.18,114.28,114.0611,114.605,114.35,114.16,114.585,114.87,115.24,115.47,114.68,114.4489,114.23,113.84,114.6,114.895,114.22,114.1289,114.32,114.85,114.67,114.72,114.45,114.28,114.08,114.69,114.08,114.38,114.415,114.79,115.36,115.75,115.5,116.08,116.555,117.14,117.05,116.86,117.18,117.44,116.865,117.95,118.42
14.47,14.4699,14.47,14.45,14.43,14.47,14.47,14.43,14.42,14.39,14.35,14.36,14.44,14.4,14.39,14.325,14.3355,14.3937,14.38,14.4188,14.37,14.37,14.42,14.42,14.3846,14.34,14.37,14.37,14.37,14.2556,14.22,14.2,14.23,14.19,14.23,14.19,14.22,14.18,14.2,14.18,14.196,14.22,14.23,14.25,14.3021,14.3,14.2,14.1699,14.1,14.11,14.09,14.0725,14.14,14.135,14.2301,14.15,14.1709,14.15,14.0911,14.19,14.15,14.08,14.043,14.14,14.15,14.245,14.27,14.28,14.3,14.34,14.46,14.53,14.4,14.435,14.27,14.325,14.37,14.5299
0.16,0.158,0.1597,0.1583,0.1584,0.1581,0.1585,0.1575,0.16,0.1576,0.1568,0.1568,0.16,0.1568,0.1598,0.1567,0.1563,0.1566,0.16,0.1579,0.1566,0.1575,0.1574,0.1592,0.16,0.1561,0.1578,0.1584,0.16,0.1572,0.1584,0.1561,0.16,0.161,0.1602,0.16,0.16,0.1601,0.16,0.1602,0.1606,0.1604,0.1607,0.1618,0.1609,0.162,0.1614,0.16,0.16,0.1612,0.1601,0.1601,0.1603,0.1602,0.1619,0.1611,0.1605,0.16,0.1602,0.1603,0.16,0.1601,0.1609,0.1606,0.1622,0.1638,0.1631,0.16,0.165,0.1662,0.1671,0.17,0.16,0.1605,0.16,0.16,0.166,0.1615
4.44,4.45,4.46,4.44,4.45,4.43,4.42,4.45,4.475,4.44,4.43,4.445,4.48,4.465,4.465,4.445,4.445,4.4469,4.46,4.47,4.48,4.51,4.54,4.5232,4.53,4.52,4.495,4.495,4.5147,4.49,4.47,4.47,4.48,4.45,4.47,4.475,4.46,4.45,4.465,4.465,4.46,4.445,4.465,4.505,4.51,4.51,4.49,4.48,4.45,4.475,4.46,4.425,4.4332,4.44,4.445,4.425,4.36,4.35,4.32,4.355,4.37,4.385,4.41,4.48,4.52,4.54,4.55,4.52,4.5477,4.6,4.5894,4.565,4.56,4.55,4.505,4.505,4.5607,4.58
37.18,37.215,37.335,37.325,37.315,37.32,37.245,37.23,37.235,37.055,37.06,37.1,37.235,37.275,37.33,37.175,37.18,37.235,37.22,37.205,37.195,37.0999,37.145,37.2475,37.17,37.2183,37.13,37.157,37.165,37.005,37.05,36.945,36.99,36.95,36.9,36.7995,36.9035,36.95,37.03,37.03,36.88,37.01,37.08,37.13,37.1,37.1198,37.125,37.14,37.01,36.9464,36.9526,36.9,36.92,36.92,36.8369,36.775,36.75,36.7,36.62,36.73,36.89,36.895,36.985,36.825,36.69,36.8,36.86,36.91,36.975,37.17,37.32,37.315,37.18,37.26,37.27,37.4002,37.81,37.68
18.97,18.965,19.05,19.115,19.195,19.15,19.13,19.11,19.11,19,19,18.975,19.04,18.985,19.02,19.015,19.035,19.105,19.03,19.01,19.01,18.94,18.955,18.9858,18.91,18.94,18.9,19.02,19.05,18.99,18.94,18.98,18.85,18.854,18.91,18.9,18.92,18.9,18.995,18.94,18.99,19.055,19.08,19.11,19.205,19.13,19.07,19.035,18.98,18.995,18.98,18.95,18.98,18.89,18.97,18.895,18.94,18.86,18.7262,18.83,18.93,18.895,18.94,19.035,19.05,19.1,19.13,19.03,19.05,19.25,19.365,19.59,19.89,19.72,19.565,19.58,19.795,19.37
299.47,299.43,300.52,300.285,300.3035,300.01,299.69,299.93,299.85,299.5013,299.03,299.16,299.945,299.79,299.9163,299.455,299.125,299.16,298.785,298.47,298.72,298.06,298.47,298.93,298.99,299.545,299.3,299.125,298.7409,298.75,298.7116,298.44,298.46,298.54,298.93,298.655,298.8182,298.989,299.66,299.32,299.28,299,299.07,298.965,299.13,299.19,299.4199,299.76,299.28,299.45,299.3104,299.61,299.3907,299.2025,299.38,298.63,298.34,298.39,298.36,298.315,298.59,297.93,298.32,298.665,298.52,297.81,297.98,298.28,298.7185,299.311,299.33,299.8,299.26,299.6416,301,301.55,302.2964,300.65
152.54,152.2399,152.49,152.445,152.1482,151.89,151.32,151.18,150.78,150.21,150.11,150.025,150.36,150.27,150.11,150.17,150.5789,150.725,150.645,150.83,150.99,150.7847,151.3081,151.54,151.64,151.88,151.62,151.58,151.36,151.17,150.99,150.9059,151.07,150.65,151.16,151.005,151,151.03,151.65,151.44,151.33,151.3,151.56,151.734,151.57,151.49,151.41,151.5,151.15,151.46,151.38,151.03,151.19,151.55,151.72,151.24,150.815,150.865,150.7,150.9209,150.84,150.68,151.33,150.86,150.91,151.14,151.17,150.73,151.49,152.38,152.35,152.48,151.58,152.33,152.43,153.1955,154.95,154.19
5.79,5.78,5.79,5.78,5.785,5.78,5.78,5.77,5.77,5.765,5.75,5.76,5.79,5.78,5.775,5.74,5.75,5.76,5.7537,5.775,5.7799,5.76,5.795,5.81,5.8036,5.765,5.7337,5.72,5.69,5.62,5.615,5.6331,5.65,5.66,5.68,5.66,5.66,5.67,5.69,5.695,5.685,5.68,5.69,5.69,5.7,5.705,5.685,5.68,5.63,5.6415,5.59,5.55,5.625,5.615,5.65,5.63,5.63,5.62,5.62,5.6411,5.65,5.6099,5.615,5.615,5.63,5.6599,5.6601,5.71,5.69,5.71,5.73,5.79,5.74,5.755,5.678,5.65,5.6809,5.67
41.21,41.17,41.34,41.2926,41.2951,41.34,41.165,41.15,41.15,41.0442,41.06,41.04,41.115,41.06,41.11,41.01,41.025,41.04,41.0399,41.04,41.071,41.075,41.1,41.12,41.085,41.0892,41.01,41.02,40.93,40.9,40.87,40.7815,40.8,40.81,40.855,40.7801,40.81,40.78,40.93,40.92,40.865,40.815,40.86,40.973,41.06,41.04,40.96,40.95,40.79,40.785,40.8,40.755,40.86,40.78,40.8,40.82,40.78,40.635,40.58,40.65,40.73,40.585,40.6599,40.625,40.68,40.775,40.65,40.62,40.71,40.94,40.93,40.97,40.85,40.94,40.92,40.91,41.18,41.0565
10.1,10.0933,10.135,10.115,10.115,10.11,10.065,10.065,10.095,10.06,10.02,10.01,10.04,10.045,10.055,10.045,10.045,10.065,10.065,10.065,10.06,10.03,10.05,10.04,10.03,10.13,10.085,10.08,10.05,10.01,9.995,10.005,10.0001,10.01,10.005,9.95,10.04,10.0401,10.08,10.135,10.14,10.1,10.155,10.1395,10.1683,10.12,10.045,10.06,10.05,10.14,10.15,10.155,10.165,10.155,10.155,10.0755,10.08,10.025,10,10.035,10.07,10.125,10.15,10.145,10.11,10.185,10.2441,10.194,10.235,10.29,10.355,10.415,10.33,10.37,10.365,10.385,10.47,10.58
2.67,2.665,2.67,2.6631,2.67,2.67,2.665,2.67,2.6699,2.655,2.65,2.645,2.65,2.645,2.645,2.635,2.635,2.6443,2.63,2.65,2.655,2.6499,2.64,2.66,2.65,2.66,2.65,2.685,2.68,2.675,2.665,2.67,2.67,2.67,2.68,2.68,2.7,2.69,2.705,2.7,2.71,2.7138,2.72,2.725,2.7399,2.73,2.725,2.7119,2.71,2.725,2.73,2.705,2.71,2.72,2.74,2.735,2.735,2.7201,2.715,2.715,2.74,2.72,2.755,2.7562,2.77,2.78,2.785,2.76,2.78,2.82,2.822,2.84,2.82,2.79,2.7489,2.74,2.7655,2.737
58.92,58.94,59.16,59.09,59.14,59.21,59.16,59.05,59.125,59,58.8925,58.84,58.92,58.78,58.74,58.49,58.53,58.61,58.4411,58.445,58.41,58.2973,58.45,58.6721,58.68,58.713,58.5888,58.7348,58.7275,58.393,58.35,58.25,58.38,58.4146,58.65,58.5,58.61,58.61,58.8,58.67,58.7,58.551,58.74,58.8396,58.94,59.05,58.87,58.92,58.72,58.76,58.6532,58.385,58.5,58.43,58.5669,58.38,58.4331,58.461,58.3099,58.64,58.59,58.23,58.25,58.39,58.4466,58.565,58.5199,58.43,58.695,59.14,59.2623,59.5029,59.82,59.67,60.5901,60.93,61.17,60.805
84.88,85,85.76,85.81,85.67,85.66,85.18,85.255,85.58,84.975,85.04,84.9969,85.2,84.92,85.22,85.06,85.11,85.41,85.35,85.62,85.67,85.29,85.58,85.87,85.47,85.527,85.18,85.7483,85.91,85.37,85.41,85.28,85.19,85.37,85.69,85.522,85.49,85.34,85.37,85.11,85.13,85.04,85.19,85.57,86.071,85.9,85.36,85.39,85.05,84.96,84.7,84.25,84.39,84.6385,85.0587,84.895,84.44,84.0763,83.65,84.08,84.53,84.32,84.94,85.025,84.9308,85.275,85.8,85.0909,84.9287,85.28,85.22,85.95,85.64,85.04,84.785,84.29,84.975,85.41
7.89,7.93,7.935,7.95,7.96,7.92,7.89,7.875,7.87,7.84,7.8175,7.82,7.83,7.82,7.825,7.8,7.78,7.82,7.83,7.82,7.83,7.82,7.825,7.815,7.83,7.85,7.845,7.85,7.8865,7.88,7.855,7.865,7.86,7.87,7.89,7.87,7.87,7.85,7.9,7.88,7.84,7.86,7.81,7.86,7.885,7.88,7.85,7.82,7.78,7.755,7.7173,7.62,7.63,7.655,7.68,7.6501,7.63,7.58,7.56,7.57,7.61,7.6,7.64,7.65,7.68,7.7,7.71,7.65,7.665,7.72,7.76,7.7801,7.68,7.68,7.615,7.69,7.7713,7.69
23.25,23.22,23.23,23.2081,23.155,23.2015,23.105,23.01,22.9257,22.7299,22.8,22.85,22.94,22.865,22.9064,22.84,22.97,23.2,23.25,23.21,23.3258,23.12,23.11,23.105,23.07,23.125,22.97,23,22.97,22.9899,22.815,22.747,22.86,22.84,22.94,22.8,22.8,22.7,22.9,22.83,22.785,22.735,22.76,22.845,23.035,23.165,22.975,22.92,22.84,22.86,22.7315,22.625,22.635,22.595,22.73,22.6101,22.615,22.51,22.415,22.4601,22.445,22.325,22.56,22.657,22.68,22.65,22.865,22.5425,22.57,22.8375,22.83,22.86,22.59,22.7465,22.6373,22.53,23.0338,24.14
6.52,6.52,6.56,6.53,6.545,6.53,6.53,6.52,6.515,6.485,6.48,6.48,6.51,6.495,6.505,6.49,6.505,6.52,6.515,6.515,6.52,6.515,6.5326,6.54,6.55,6.545,6.535,6.545,6.5439,6.53,6.5251,6.52,6.54,6.525,6.54,6.53,6.54,6.54,6.5566,6.56,6.55,6.535,6.555,6.57,6.57,6.5804,6.5564,6.55,6.54,6.55,6.535,6.5,6.5,6.52,6.525,6.5137,6.5,6.465,6.45,6.4723,6.48,6.49,6.51,6.5,6.52,6.53,6.53,6.51,6.515,6.555,6.567,6.5629,6.54,6.54,6.49,6.51,6.56,6.59
139.8,139.71,139.949,140.085,140.125,140.1586,139.69,139.33,139.65,138.54,138.31,138.39,138.9,138.87,138.96,138.45,138.79,139,138.91,139.08,139.53,138.79,139.74,139.3032,138.845,138.97,138.54,138.56,138.56,138.07,137.9099,137.87,137.785,137.665,138.03,137.46,137.9,137.72,138.42,138.18,137.92,138.16,138.47,138.805,138.96,138.6715,138.68,138.57,138.09,138.25,137.38,137.25,137.7,138.15,138.17,137.845,138.04,138.01,138.1875,138.465,138.52,138.56,139.37,139.69,140.095,140.97,140.955,140.18,140.1908,140.85,141,141.155,140.91,141.72,141.04,141.015,141.66,141.57
234.05,234.09,235.01,234.5901,234.3198,234.18,233.53,233.42,233.62,232.73,232.51,232.44,233.18,232.86,232.92,232.35,232.37,232.78,232.56,232.4975,232.7,232.195,232.9,233.1001,232.9207,233.19,232.63,232.83,232.7877,232.38,232.055,231.8696,232.14,231.89,232.5294,232.16,232.41,232.2,233.22,232.99,232.76,232.76,233.1311,233.45,233.8709,233.8,233.232,233.29,232.5993,232.9622,232.92,232.07,232.24,232.33,232.71,232.3,231.989,231.64,231.19,231.8,232.17,231.836,232.14,231.95,232.357,232.9968,233.06,232.47,232.95,233.86,234.1285,234.42,233.52,233.97,233.7,234.22,235.65,235.25
103.53,103.395,103.71,103.52,103.15,102.91,102.49,102.37,102.51,102.05,101.8587,101.8832,102.1,102.1,102.1001,101.89,101.77,101.86,102.01,102.035,102.1798,101.75,102.005,102.1244,101.62,101.69,101.3896,101.6301,101.84,101.4897,101.225,101.1519,101.18,100.95,101.361,101.08,101.32,101.0101,101.7,101.715,101.4545,101.7001,101.685,102.1402,102.58,102.3897,102.115,101.88,101.47,101.57,101.67,101.27,101.28,101.2,101.375,101.1414,100.88,100.67,100.225,100.655,100.62,100.14,100.2,99.965,100.0958,100.37,99.82,99.81,100.3001,101.17,101.41,101.3945,100.89,101.15,101.08,101.44,102.1001,102.44
76.13,76.49,76.4,76.365,76.07,75.93,75.857,75.8898,75.83,75.58,75.49,75.44,75.59,75.57,75.63,75.58,75.74,75.925,75.63,75.69,75.77,75.53,75.7491,75.73,75.9,75.89,75.92,75.9,75.83,75.72,75.525,75.62,75.64,75.67,75.65,75.45,75.68,75.66,75.99,75.67,75.6,75.66,75.91,75.91,76.1,76.095,76.06,76.315,75.68,75.56,75.63,75.25,75.22,75.07,75.54,75.57,75.391,75.45,75.09,75.26,75.25,75.36,75.62,75.385,75.61,75.63,75.78,75.25,75.65,75.95,75.95,76.3,75.92,75.835,76.1195,75.71,76.3,77.02
73.69,73.47,73.54,73.42,73.42,72.95,72.96,72.77,72.62,72.46,72.38,72.26,72.445,72.58,72.68,72.365,72.44,72.47,72.455,72.52,72.68,72.55,72.72,72.91,72.93,72.865,72.8911,72.945,72.935,72.885,72.715,72.57,72.62,72.54,72.6689,72.435,72.39,72.3,72.33,72.4,72.39,72.45,72.74,72.785,72.9,72.96,72.735,72.7,72.54,72.48,72.56,72.42,72.515,72.6,72.58,72.66,72.77,72.8,71.9,72.195,72.33,72.36,72.46,72.61,72.445,72.63,72.98,72.835,73.01,73.61,73.61,73.76,73.81,73.39,74.23,74.83,74.44,75.25
9.71,9.69,9.745,9.755,9.68,9.71,9.63,9.635,9.61,9.5,9.485,9.46,9.49,9.515,9.56,9.565,9.58,9.575,9.555,9.62,9.64,9.595,9.66,9.7002,9.65,9.63,9.555,9.645,9.6277,9.54,9.525,9.5,9.48,9.505,9.56,9.535,9.54,9.56,9.615,9.62,9.615,9.64,9.64,9.75,9.835,9.865,9.76,9.7218,9.68,9.73,9.67,9.56,9.56,9.65,9.79,9.7435,9.64,9.6,9.46,9.575,9.58,9.58,9.755,9.75,9.765,9.81,9.84,9.7,9.7515,9.9289,9.98,10.17,10.1,9.94,9.7,9.77,9.8736,9.74
109.29,109.55,109.26,109.16,108.94,109.26,108.89,109.09,109.09,108.68,108.74,108.9,108.99,108.81,108.91,108.77,108.79,108.8,108.63,108.44,108.61,108.33,108.71,108.79,108.75,108.55,108.45,108.5,108.25,107.86,107.5642,107.63,107.63,107.38,107.48,107.28,107.15,107.12,107.42,107.32,107.15,107.29,107.015,107.1,107.17,107.43,107.215,107.435,107.13,107.14,107.34,106.86,106.8222,106.58,106.38,106.28,106.31,106.26,105.795,105.72,105.01,104.72,105.05,104.89,105.03,105.35,105.28,105.4199,105.56,105.96,105.79,105.8439,105.58,105.97,105.78,106.3,106.49,106.09
34.77,34.77,34.885,34.9,34.89,34.89,34.74,34.75,34.745,34.635,34.63,34.62,34.76,34.735,34.73,34.67,34.725,34.73,34.685,34.685,34.715,34.65,34.74,34.785,34.78,34.805,34.795,34.815,34.7,34.6999,34.65,34.59,34.655,34.6,34.7,34.61,34.7,34.61,34.695,34.72,34.61,34.58,34.65,34.705,34.8,34.75,34.695,34.765,34.59,34.635,34.63,34.585,34.585,34.5909,34.53,34.48,34.26,34.085,33.9875,34.14,34.34,34.25,34.215,34.22,34.14,34.195,34.15,34.125,34.23,34.54,34.66,34.64,34.51,34.56,34.39,34.565,34.6,34.98
35.39,35.39,35.43,35.415,35.44,35.425,35.4,35.4,35.41,35.345,35.31,35.295,35.36,35.33,35.335,35.295,35.31,35.34,35.3,35.29,35.305,35.265,35.325,35.355,35.3085,35.335,35.275,35.275,35.255,35.215,35.21,35.185,35.21,35.195,35.235,35.2,35.21,35.185,35.235,35.225,35.2,35.21,35.245,35.295,35.305,35.305,35.255,35.26,35.2,35.22,35.23,35.18,35.18,35.18,35.19,35.14,35.09,35.07,35.0216,35.08,35.09,35.06,35.08,35.0677,35.0687,35.145,35.15,35.07,35.1,35.21,35.21,35.21,35.12,35.19,35.212,35.2,35.33,35.29
55.06,55.02,55.11,55.07,55.06,55.03,54.965,54.93,54.97,54.845,54.81,54.84,54.9783,54.93,54.92,54.86,54.89,54.95,54.92,54.89,54.92,54.845,54.98,55.01,54.98,55.025,54.93,54.98,54.955,54.89,54.835,54.8,54.81,54.79,54.89,54.83,54.85,54.845,54.945,54.92,54.915,54.92,54.935,54.9701,55.0368,55.04,54.965,54.985,54.895,54.93,54.92,54.78,54.84,54.85,54.9001,54.83,54.76,54.73,54.64,54.7567,54.82,54.765,54.849,54.8013,54.83,54.93,54.9,54.84,54.965,55.11,55.13,55.14,55.01,55.06,55.05,55.13,55.3755,55.35
101.24,101.335,101.4595,101.46,101.43,101.37,101.27,101.325,101.37,101.195,101.16,101.12,101.13,101.01,100.87,100.875,100.945,101.045,101.1,101.17,101.19,101.1527,101.245,101.205,101.06,101.04,100.96,100.98,100.97,100.915,100.9303,100.95,100.99,101.075,101.12,101.06,101.25,101.29,101.37,101.372,101.46,101.524,101.535,101.48,101.4977,101.463,101.45,101.42,101.23,101.2161,101.19,101.1,101.105,101.06,101.09,100.88,100.936,100.8984,100.84,100.87,100.89,100.88,101.02,100.9102,101.01,101.06,101.06,101.06,101,101.115,101.135,101.12,100.98,100.93,100.91,100.92,100.97,100.7927
5.97,6,6.025,5.995,5.975,5.965,5.96,5.9532,5.98,5.975,5.97,5.95,5.98,5.95,5.965,5.96,5.975,5.9795,5.985,5.985,6.005,5.985,5.99,6.005,5.99,6.0078,5.995,6.01,6.0101,6,6,6.005,6.005,5.99,6.0152,6.0261,6.04,6.0501,6.045,6.01,6.015,5.965,5.9958,5.9901,6.0199,6.005,6.005,5.985,6,5.985,6.015,5.98,5.96,5.9713,5.985,5.985,5.97,5.965,5.95,5.985,5.99,6,6.03,6.0979,6.075,6.09,6.095,5.99,5.975,5.9166,5.965,6.07,5.99,5.9475,5.86,5.93,6.0205,6
50.15,50.16,50.21,50.2,50.25,50.2,50.15,50.13,50.16,50.09,50.0699,50.05,50.14,50.11,50.11,50.06,50.06,50.1,50.08,50.0631,50.09,50.05,50.12,50.15,50.1365,50.15,50.15,50.19,50.21,50.157,50.13,50.085,50.09,50.09,50.13,50.09,50.11,50.07,50.13,50.125,50.1,50.08,50.06,50.09,50.13,50.13,50.13,50.12,50.06,50.08,50.05,49.93,49.98,49.987,50.02,49.9713,49.925,49.9,49.83,49.9,49.93,49.895,49.945,49.89,49.92,49.98,49.975,49.92,49.99,50.09,50.11,50.13,50.03,50.04,50.06,50.05,50.2,50.15
28.24,28.29,28.26,28.238,28.29,28.293,28.25,28.31,28.28,28.24,28.22,28.1935,28.26,28.23,28.21,28.185,28.175,28.21,28.17,28.18,28.225,28.14,28.165,28.17,28.14,28.135,28.07,28.07,28.05,28.02,27.985,28.01,28.04,28.06,28.105,28.09,28.1,28.0947,28.105,28.115,28.06,28.05,28.06,28.14,28.18,28.21,28.18,28.17,28.09,28.09,28.135,28.1,28.08,28.08,28.145,28.085,28.07,28.05,27.97,28.025,28,27.97,28.01,27.96,27.94,28.05,28.095,28.05,27.98,28.12,28.19,28.21,28.07,28.2,28.25,28.2,28.33,28.31
25.46,25.435,25.39,25.355,25.41,25.38,25.37,25.31,25.355,25.185,25.14,25.16,25.32,25.2698,25.32,25.27,25.3,25.39,25.28,25.28,25.32,25.26,25.33,25.37,25.32,25.33,25.14,25.16,25.07,25.01,25.07,25.005,25.03,25.005,25.15,25.07,25.1,25.07,25.21,25.21,25.21,25.16,25.165,25.22,25.27,25.2316,25.11,25.065,24.96,25.01,25.03,24.87,24.95,24.955,24.945,24.91,24.78,24.71,24.65,24.7,24.75,24.7,24.77,24.72,24.78,25.02,25.03,24.81,24.86,25.05,25,24.93,24.78,24.81,24.78,24.79,24.88,24.81
5.16,5.165,5.1672,5.165,5.1699,5.15,5.155,5.15,5.175,5.15,5.125,5.115,5.13,5.105,5.12,5.095,5.1001,5.12,5.125,5.135,5.13,5.13,5.1501,5.1499,5.13,5.115,5.09,5.105,5.1,5.085,5.075,5.0799,5.075,5.075,5.0833,5.0744,5.09,5.08,5.09,5.095,5.095,5.09,5.091,5.115,5.155,5.1658,5.115,5.085,5.08,5.11,5.09,5.065,5.065,5.05,5.055,5.04,5.07,5.07,5.065,5.0828,5.09,5.0822,5.09,5.0999,5.11,5.14,5.13,5.05,5.09,5.135,5.17,5.195,5.15,5.17,5.12,5.16,5.2559,5.261
174.81,174.82,174.22,174.3099,174.15,174.37,174.08,173.9,173.81,173.0179,172.82,173.16,173.685,173.52,173.64,173.31,173.47,173.3599,173.3,173.39,173.31,172.63,173.18,173.235,173.07,173.06,172.81,172.9575,172.59,172.431,172.355,172.3,172.35,171.87,172.25,171.87,171.975,171.7,172.2279,172.2396,171.62,171.27,171.79,171.87,171.8,172.23,171.78,171.93,171.37,171.505,171.48,170.76,170.33,170.87,171.46,171.21,170.35,169.77,169.5,170.3,170.93,170.67,170.56,170.89,171.17,172,171.2307,171.2,171.7299,172.635,172.87,173.1583,172.41,172.45,171.8,172.41,173.6799,173.87
8.3,8.285,8.2999,8.285,8.265,8.249,8.215,8.2,8.21,8.125,8.13,8.15,8.21,8.21,8.2247,8.18,8.19,8.2,8.1652,8.175,8.17,8.16,8.1828,8.185,8.18,8.215,8.2,8.21,8.23,8.175,8.17,8.1666,8.185,8.16,8.165,8.135,8.14,8.13,8.18,8.13,8.105,8.105,8.12,8.145,8.14,8.165,8.135,8.13,8.09,8.13,8.115,8.085,8.08,8.095,8.115,8.045,8.005,7.98,7.965,7.98,8,8,8.02,8.035,8.025,8.07,8.07,8.005,8.06,8.135,8.02,7.9996,7.96,7.96,7.95,7.915,8.1013,8.11
6.69,6.655,6.69,6.675,6.685,6.695,6.695,6.69,6.695,6.69,6.69,6.69,6.68,6.675,6.685,6.69,6.6901,6.6952,6.7,6.7,6.6974,6.6865,6.7066,6.71,6.71,6.705,6.71,6.71,6.71,6.705,6.71,6.695,6.71,6.71,6.71,6.7,6.71,6.705,6.71,6.7,6.7,6.7,6.6942,6.7,6.71,6.72,6.705,6.72,6.73,6.74,6.7363,6.73,6.73,6.73,6.73,6.73,6.725,6.72,6.705,6.72,6.74,6.73,6.7161,6.73,6.705,6.735,6.73,6.69,6.73,6.735,6.75,6.75,6.75,6.77,6.765,6.77,6.775,6.735
23.06,23.13,23.15,23.08,22.98,23.015,23.0109,23.03,23.0401,22.92,22.88,22.84,22.97,22.77,22.795,22.79,22.82,22.86,22.81,22.832,22.8621,22.8,22.97,22.91,22.8,22.88,22.86,22.97,22.95,22.81,22.8,22.71,22.81,22.85,22.91,22.8,22.85,22.88,23.01,23,22.98,23.03,23.13,23.31,23.48,23.54,23.34,23.14,23.09,23.11,22.905,22.79,22.835,22.83,23.055,23.08,23.095,23.05,22.92,23.09,23.04,23.085,23.15,23.03,23.23,23.435,23.61,23.3,23.51,23.88,23.86,24.075,24.1,24.3,24.2,24.19,24.659,24.9935
25.98,26.075,26.075,26,25.96,25.98,26.005,25.98,25.99,25.925,25.81,25.81,25.9,25.85,25.91,25.895,25.875,25.955,25.91,25.92,25.9,25.845,25.92,25.945,25.88,25.89,25.75,25.825,25.88,25.77,25.6,25.54,25.54,25.53,25.64,25.51,25.54,25.5,25.55,25.57,25.485,25.55,25.71,25.7,25.69,25.67,25.67,25.555,25.43,25.4725,25.39,25.34,25.4,25.38,25.31,25.22,25.07,25.04,25,25.165,25.06,25.0138,25.1,25.08,25.14,25.215,25.22,25.23,25.42,25.555,25.615,25.57,25.29,25.28,25.31,25.27,25.63,25.69
37.91,37.94,37.96,37.93,37.97,37.96,37.95,37.95,37.94,37.89,37.85,37.84,37.9,37.85,37.855,37.85,37.86,37.9,37.87,37.87,37.865,37.84,37.89,37.91,37.87,37.9,37.85,37.865,37.85,37.805,37.78,37.78,37.795,37.785,37.81,37.78,37.78,37.75,37.8,37.78,37.76,37.77,37.795,37.85,37.845,37.845,37.79,37.8,37.77,37.765,37.77,37.71,37.71,37.718,37.71,37.68,37.62,37.595,37.54,37.6,37.59,37.57,37.575,37.56,37.53,37.59,37.6,37.535,37.55,37.655,37.655,37.708,37.655,37.77,37.85,37.82,37.905,37.9
30.78,30.61,30.73,30.83,30.885,30.83,30.79,30.73,30.72,30.66,30.7,30.75,30.75,30.84,30.8511,30.78,30.97,31.02,30.94,31.0019,30.83,30.8,30.84,30.725,30.62,30.61,30.46,30.46,30.46,30.485,30.355,30.45,30.42,30.27,30.385,30.38,30.2,30.0527,30.1023,30.05,29.96,29.92,29.8,29.755,29.55,29.74,29.64,29.82,29.77,29.66,29.76,29.94,29.76,29.63,29.5989,29.54,29.23,29.225,29.11,28.99,28.89,28.665,28.73,28.76,28.75,28.785,28.69,28.48,28.31,28.44,28.49,28.195,27.92,28.33,28.43,28.28,28.7,28.6341
7.03,7.035,7.045,7.03,7.015,7.03,7.025,7.021,7.035,7,6.975,6.975,7,6.98,6.975,6.96,6.98,7,6.985,6.995,7.01,6.975,7,7.015,7,6.98,6.945,6.945,6.96,6.9,6.89,6.87,6.86,6.85,6.87,6.845,6.88,6.85,6.88,6.865,6.855,6.84,6.865,6.875,6.918,6.915,6.855,6.83,6.83,6.86,6.82,6.82,6.835,6.8564,6.84,6.855,6.83,6.785,6.775,6.775,6.8,6.775,6.8099,6.815,6.819,6.865,6.885,6.835,6.86,6.91,6.9,6.915,6.9,6.92,6.875,6.87,6.9611,6.975
75.27,75.04,75.3,75.25,75.296,75.09,74.97,75.03,75.13,74.87,74.71,74.731,74.69,74.565,74.7338,74.62,74.445,74.43,74.49,74.52,74.435,74.26,74.315,74.41,74.52,74.46,74.44,74.45,74.45,74.44,74.4069,74.24,74.47,74.51,74.63,74.4209,74.52,74.52,74.7467,74.8482,74.99,74.745,74.7852,74.75,74.835,74.7567,74.815,74.87,74.67,74.65,74.5933,74.525,74.54,74.52,74.5,74.53,74.5197,74.46,74.48,74.52,74.82,73.76,73.84,74.01,74.0727,74.02,74.23,74,74.1,74.07,74.38,74.22,74.27,74.111,74.46,74.89,75.14,75.3
161.43,161.455,161.98,162.07,161.935,161.93,161.88,162.089,162.06,162.065,162.2,162.18,162.22,162.2285,162.195,162.235,162.145,162.15,162.29,162.21,162,162,161.985,162.07,161.975,161.8098,161.74,161.765,161.79,161.815,161.57,161.7,161.5015,161.495,161.6,161.67,161.43,161.37,161.3493,161.315,161.19,161.31,161.23,161.1399,160.92,161.03,161,161.03,160.87,160.725,160.6975,160.96,160.9499,160.81,160.92,160.99,160.71,160.4,160.215,160.11,160.05,159.84,159.87,159.695,159.79,159.79,159.7945,159.64,159.3701,159.5673,159.38,159.12,158.65,159.09,159.1,158.99,159.205,159.17
23.02,23.07,23.225,23.185,23.16,23.145,23.105,23.15,23.2099,23.05,22.98,23.01,23.12,23.08,23.115,23.035,23.065,23.1643,23.22,23.23,23.2456,23.175,23.27,23.18,23.1,23.13,23.005,23.08,23.05,22.94,22.84,22.8,22.87,22.735,22.87,22.823,22.89,22.775,22.79,22.84,22.795,22.83,22.805,22.99,23.173,23.1901,23.065,23,23.07,23.06,22.975,22.83,22.835,22.88,22.93,22.87,23.005,22.95,22.81,22.9407,22.99,23.01,23.01,22.98,22.975,23.03,23.12,23,23.18,23.46,23.53,23.53,23.34,23.345,23.27,23.1531,23.4338,23.49
1218.06,1217.4301,1213.58,1207.02,1205.097,1206.5649,1203.25,1201.0601,1200.25,1196.99,1194.5551,1194.36,1198.61,1198.28,1198.9,1197.7705,1199.26,1199.6899,1197.915,1198.425,1199.51,1198.52,1200.8,1200.465,1199.63,1199.1899,1197.251,1198.0601,1197.63,1196.8199,1194.63,1193.08,1193.28,1192.8799,1195,1194.3101,1195.66,1194.9301,1198.8,1197.84,1197.02,1196.39,1197.59,1198.9,1199,1200.41,1200.01,1200.95,1199.295,1201.03,1201.4792,1197.63,1198.45,1197.5,1199.5601,1197.45,1192.5601,1190.41,1188.48,1191,1193.97,1192.095,1194.25,1193.87,1194.22,1197.495,1196.2,1193.005,1196.2,1199.6949,1200.14,1199.1,1198.632,1202.15,1204.545,1211.88,1215.8275,1208.22
8.33,8.34,8.335,8.29,8.255,8.3183,8.29,8.315,8.315,8.24,8.215,8.185,8.2179,8.14,8.155,8.125,8.1516,8.175,8.145,8.165,8.185,8.155,8.22,8.205,8.16,8.195,8.17,8.2002,8.22,8.22,8.238,8.165,8.165,8.185,8.22,8.155,8.21,8.19,8.27,8.2477,8.208,8.195,8.2301,8.305,8.405,8.48,8.375,8.2799,8.18,8.2,8.17,8.1399,8.205,8.22,8.37,8.4,8.43,8.415,8.35,8.42,8.33,8.32,8.29,8.37,8.42,8.57,8.54,8.3882,8.645,8.7585,8.74,8.83,8.84,8.92,8.8629,8.825,8.9665,9.08
179.39,180.29,182.5,182.65,182.5,182.45,182.12,182.32,182.65,181.63,181.26,181.4,181.83,181.3,181.39,180.84,180.84,181.05,180.8,180.78,180.88,180.58,181.19,181.12,181.09,181.63,181.2984,182,181.98,181.87,181.56,181.62,181.61,181.34,182.17,182.05,181.33,181.615,182.56,182.62,182.4,182.21,182.64,183.12,183.86,183.89,183.59,183.23,182.72,183.22,182.77,182.1421,182.77,182.68,182.9,182.69,182.28,180.59,179.9,181.19,181.07,181.29,181.4,181.22,181.93,183.1401,183.03,181.69,181.6546,182.56,182.52,183.21,182.5,183.02,180.9,181.63,183.3,183.41
7.86,7.825,7.915,7.945,7.9369,7.995,7.995,7.9799,8.015,7.995,7.97,8.01,8.03,8.02,8.03,8.015,8.0401,8.05,8.05,8.09,8.1,8.045,8.08,8.115,8.06,8.088,8.05,8.12,8.12,8.09,8.055,8.025,8.05,8.06,8.1,8.07,8.05,8.06,8.05,8.0199,8.06,8.09,8.1061,8.155,8.2,8.23,8.2124,8.16,8.11,8.165,8.13,8.04,8.065,8.05,8.12,8.095,8.07,8.0076,7.96,8.04,8.02,7.985,8.1,8.15,8.2,8.27,8.25,8.105,8.12,8.21,8.26,8.34,8.33,8.17,8.0826,8.08,8.1913,8.0799
198.72,198.9,199.84,199.64,199.705,199.6895,198.92,199.2388,199.0319,198.1,198,197.875,198.38,197.83,197.96,197.215,197.25,198.08,197.71,197.3491,197.41,196.9175,197.885,198.13,197.86,198.28,197.7861,197.94,197.94,197.4,197.24,197.46,197.97,197.6,197.91,197.81,198.1,198.03,199.02,198.38,197.87,197.86,198.65,198.88,198.92,198.6853,198.5,198.27,197.94,197.75,197.97,197.15,196.92,197.66,197.939,197.4,196.93,196.5,196.11,196.4151,196.54,196.96,197.2,196.77,196.915,197.07,196,195.6803,196.96,198.1,197.825,198.2,196.81,196.8501,195.95,196.53,198.2,197.32
15.53,15.4951,15.58,15.515,15.52,15.565,15.495,15.505,15.535,15.49,15.465,15.46,15.5,15.45,15.46,15.425,15.455,15.4869,15.495,15.49,15.525,15.495,15.5525,15.565,15.56,15.585,15.515,15.545,15.5464,15.5455,15.495,15.51,15.4901,15.4993,15.585,15.575,15.48,15.46,15.505,15.475,15.465,15.48,15.49,15.545,15.615,15.62,15.51,15.53,15.5,15.525,15.51,15.47,15.475,15.49,15.5048,15.515,15.495,15.485,15.455,15.49,15.51,15.415,15.475,15.525,15.585,15.63,15.66,15.61,15.68,15.825,15.8,15.79,15.65,15.66,15.65,15.79,15.8226,15.78
81.17,81.28,81.375,81.32,81.2472,81.15,81.205,81.105,81.015,80.95,80.96,80.9,81.03,81,80.9791,80.89,80.9,80.94,80.92,80.92,80.97,80.88,80.98,81.02,80.95,80.9334,80.87,80.92,80.9,80.81,80.77,80.725,80.765,80.745,80.87,80.895,80.93,80.95,81.07,81.06,81,80.995,81.05,81.005,80.98,80.87,80.79,80.78,80.65,80.675,80.655,80.66,80.65,80.6651,80.725,80.71,80.69,80.575,80.45,80.5,80.6,80.575,80.635,80.65,80.755,80.85,80.79,80.75,80.87,81.095,81.1872,81.2,80.985,81.05,81.17,81.415,81.69,81.5
121.19,120.815,121.36,120.89,120.54,120.43,120.07,119.885,120.13,119.5244,119.56,119.3,119.85,119.61,119.644,119.25,119.23,119.37,119.18,119.355,119.52,119.24,119.85,119.9958,119.935,119.97,119.6,119.9,119.78,119.66,119.2,119.13,119.26,119.195,119.49,119.39,119.47,119.485,119.8,119.69,119.6052,119.75,120.035,120.17,120.235,120.1,119.8154,120.0445,119.56,119.69,119.591,119.13,119.25,119.325,119.45,119.04,118.66,118.36,118.438,118.65,118.49,118.25,118.44,118.15,118.19,118.59,118.37,118.1022,118.26,118.76,119.1,118.985,118.81,119.0796,118.84,119.63,120.43,120.0999
58.74,58.61,58.505,58.495,58.53,58.5468,58.2915,58.17,58.165,57.75,57.76,57.79,57.96,57.8849,57.955,57.71,57.74,57.89,57.86,57.8111,57.89,57.855,58.075,58.085,57.995,58.1412,57.975,58.07,57.96,57.88,57.74,57.7148,57.81,57.92,58.04,58.055,58.09,57.93,58.05,58,57.97,58.02,58.165,58.37,58.23,58.27,58.21,58.24,57.96,58.02,58.27,57.91,57.9239,58.005,58.36,58.38,58.09,58.1,58.14,58.185,58.06,57.96,58.01,57.62,57.81,58.19,58.196,57.96,57.955,58.14,58.06,58.115,57.58,57.7301,57.41,58.03,57.73,57.17
17.43,17.365,17.48,17.44,17.4154,17.43,17.42,17.4,17.4,17.335,17.32,17.3,17.32,17.335,17.32,17.27,17.28,17.32,17.325,17.34,17.34,17.28,17.29,17.32,17.3288,17.3,17.27,17.2399,17.185,17.135,17.11,17.06,17.09,17.058,17.07,17.02,17.07,17.095,17.19,17.2001,17.13,17.185,17.2199,17.28,17.335,17.3335,17.305,17.3,17.22,17.13,17.115,17.09,17.13,17.11,17.15,17.14,17.07,17.0396,16.99,17.045,17.095,16.995,16.985,17.03,17,17.05,17.04,16.98,17.03,17.1734,17.2043,17.15,17.05,17.08,17.12,17.15,17.35,17.14
4.63,4.61,4.6,4.59,4.595,4.595,4.59,4.575,4.585,4.56,4.5549,4.535,4.57,4.56,4.575,4.555,4.565,4.585,4.5645,4.57,4.575,4.56,4.57,4.58,4.57,4.565,4.54,4.545,4.52,4.505,4.53,4.515,4.515,4.515,4.545,4.52,4.52,4.515,4.53,4.52,4.52,4.525,4.5202,4.5322,4.535,4.5325,4.525,4.5,4.48,4.495,4.485,4.46,4.48,4.475,4.47,4.46,4.455,4.435,4.425,4.44,4.45,4.4497,4.46,4.43,4.45,4.48,4.495,4.45,4.465,4.47,4.475,4.4836,4.45,4.46,4.465,4.48,4.495,4.495
120.48,120.59,120.89,120.74,120.56,120.572,120.27,120.175,120.4,119.87,119.7,119.68,120.15,120.035,119.95,119.53,119.69,119.89,119.735,119.67,119.67,119.59,120.31,120.37,120.19,120.54,120,119.94,119.715,119.35,119.325,119.35,119.64,119.79,120.13,119.92,119.95,119.95,120.49,120.4,120.36,120.4272,120.87,121.28,121.52,121.27,120.95,120.83,120.47,120.66,120.27,119.93,120.06,120.215,120.44,120.035,120,119.72,119.35,119.89,120.17,120.1,120.225,120.23,120.24,120.77,120.6,120.17,120.81,121.61,121.918,121.92,120.9,121.145,120.88,121.31,122.41,122.04
75.6,75.64,75.93,75.865,75.68,75.61,75.62,75.71,75.91,75.65,75.53,75.615,75.95,75.79,75.76,75.535,75.56,75.68,75.55,75.45,75.37,75.31,75.63,75.63,75.48,75.62,75.52,75.738,75.59,75.3,75.24,75.23,75.33,75.55,75.73,75.66,75.78,75.73,76.06,76.03,75.87,75.94,76.11,76.38,76.655,76.385,76.25,76.17,76.06,76.2,76.09,75.88,75.89,75.87,76.13,75.79,75.6,75.46,75.33,75.66,75.67,75.965,76.03,75.8113,76.03,76.365,76.41,76.11,76.43,76.69,76.9,76.84,76.53,76.72,76.61,76.89,77.55,77.15
0.33,0.324,0.3251,0.3252,0.3225,0.3224,0.3221,0.3237,0.33,0.3256,0.3259,0.326,0.32,0.3233,0.3236,0.3235,0.3268,0.3267,0.327,0.3233,0.3226,0.3245,0.3253,0.3267,0.33,0.3252,0.3236,0.3235,0.3233,0.3238,0.3238,0.323,0.3231,0.3233,0.3232,0.325,0.33,0.3269,0.33,0.3255,0.328,0.3269,0.3288,0.3288,0.3287,0.3275,0.3278,0.3241,0.32,0.3248,0.3274,0.3279,0.3287,0.3253,0.3288,0.3246,0.3292,0.32,0.3207,0.3216,0.32,0.3259,0.328,0.3289,0.3295,0.3309,0.332,0.33,0.3333,0.3329,0.3364,0.3279,0.33,0.3289,0.3252,0.33,0.3315,0.34
42.78,42.71,42.8,42.78,42.725,42.755,42.695,42.6,42.59,42.47,42.43,42.335,42.4,42.405,42.475,42.43,42.54,42.535,42.495,42.53,42.56,42.4,42.49,42.52,42.52,42.56,42.475,42.42,42.38,42.335,42.2,42.195,42.19,42.18,42.25,42.13,42.025,41.96,42.06,42.07,42.025,41.96,42.03,42.04,42.145,42.075,42.035,42.04,41.92,41.96,42.115,42.14,42.12,42.14,42.1,41.995,41.95,41.865,41.745,41.7609,41.845,41.79,41.75,41.86,41.925,41.82,42,42.06,42.02,42.21,42.16,42.25,42.22,42.12,41.945,42.03,42.2001,42.525
139.68,140.36,140.92,140.825,140.43,140.31,139.85,139.84,139.77,139.55,139.33,139.4565,140.06,139.97,139.81,139.5,139.14,139.37,139.15,138.935,139.18,138.95,139.46,139.81,139.94,139.7467,139.5427,139.415,139.14,138.61,138.48,138.38,138.595,138.25,138.57,138.35,138.53,138.51,138.97,139.05,139.295,138.915,138.8,138.7,138.78,138.532,138.415,138.9699,138.78,138.7,138.98,138.89,139.1,139.1,139.15,138.94,138.87,138.68,138.505,138.835,138.965,138.21,138.435,138.43,138.6419,138.75,138.92,138.66,138.985,139.08,139.33,139.27,139.77,140.34,140.3,140.41,141.285,140.9799
7.1,7,7.0499,7.0722,7.0589,7.01,7.0001,7.01,6.99,7,7.0139,7.0076,6.99,7.0601,7.0799,7.0424,7.1999,7.2401,7.1497,7.12,7.03,6.99,7.0228,6.9999,6.95,6.95,6.84,6.825,6.8262,6.82,6.7399,6.78,6.72,6.6813,6.705,6.7599,6.65,6.59,6.6116,6.6,6.55,6.53,6.48,6.4601,6.4,6.485,6.43,6.49,6.46,6.38,6.4101,6.4951,6.413,6.3512,6.37,6.3492,6.21,6.198,6.15,6.085,6.05,5.9353,5.975,5.9835,5.985,6.0166,5.98,5.8299,5.7509,5.82,5.8595,5.738,5.56,5.755,5.8015,5.7101,5.901,5.885
98.33,98.27,99.23,98.8269,98.68,98.39,98.04,98.01,97.975,97.6139,97.6143,97.5399,97.95,97.9501,97.915,97.6632,97.78,98.23,98.33,98.38,98.58,98.66,98.84,98.96,98.77,98.97,98.66,98.8,98.77,98.575,98.54,98.56,98.61,98.68,98.8,98.755,98.76,98.86,99.3,99.28,99.1545,98.95,99.1225,99.66,99.928,99.6967,99.495,99.35,99.3,99.4698,99.22,98.9,99.15,99.2,99.2,99.016,98.93,98.5599,98.1699,98.8658,98.89,98.925,99.16,99.33,99.555,99.7578,99.96,99.335,99.435,100.24,100.1,100.37,99.8563,99.91,99.076,99.73,100.6964,102.11
27.93,27.95,27.96,27.88,27.8762,27.9,27.79,27.81,27.84,27.725,27.71,27.735,27.88,27.85,27.89,27.775,27.75,27.8,27.77,27.78,27.785,27.702,27.845,27.89,27.85,27.83,27.77,27.78,27.76,27.72,27.675,27.59,27.6,27.615,27.565,27.585,27.65,27.615,27.75,27.74,27.7227,27.72,27.77,27.805,27.82,27.772,27.8,27.88,27.81,27.78,27.69,27.655,27.67,27.67,27.62,27.55,27.55,27.49,27.47,27.6249,27.51,27.47,27.3832,27.37,27.36,27.5,27.49,27.57,27.725,27.83,27.87,27.8322,27.68,27.85,27.78,27.94,28.125,27.995
46.93,46.96,47.195,47.14,47.1239,46.9849,46.9,46.89,46.89,46.78,46.77,46.775,46.88,46.87,46.77,46.644,46.655,46.75,46.55,46.5825,46.625,46.6,46.72,46.795,46.8562,46.93,46.79,46.9094,46.76,46.78,46.725,46.835,46.9,46.88,46.97,46.855,47.03,46.98,47.2497,47.23,47.1351,47.16,47.23,47.275,47.245,47.345,47.26,47.3267,47.245,47.27,47.185,47.02,47.0639,47.075,47.095,46.98,47.01,47.0054,46.99,47.11,47.1799,47.05,47.07,47.12,47.16,47.3,47.3,47.44,47.465,47.565,47.665,47.7,47.73,47.84,47.825,48.14,48.2,48.235
35.25,35.3,35.52,35.415,35.355,35.35,35.29,35.265,35.27,35.07,34.95,34.95,35.11,35.095,35.115,35.0274,35.06,35.17,35.2,35.1264,35.22,35.28,35.42,35.45,35.34,35.45,35.26,35.28,35.24,35.07,35.07,35.14,35.18,35.16,35.235,35.16,35.19,35.22,35.41,35.42,35.41,35.4,35.56,35.68,35.79,35.7,35.61,35.56,35.52,35.59,35.48,35.35,35.435,35.515,35.54,35.43,35.445,35.25,35.14,35.38,35.42,35.42,35.48,35.5023,35.53,35.68,35.7,35.58,35.66,35.95,36.08,36.22,35.96,36.02,35.84,36.03,36.43,36.69
18.8,18.8,18.89,18.83,18.825,18.81,18.7089,18.71,18.86,18.59,18.525,18.435,18.48,18.32,18.41,18.365,18.38,18.4205,18.35,18.385,18.42,18.32,18.5001,18.41,18.4,18.4496,18.39,18.46,18.445,18.39,18.2982,18.2599,18.24,18.2516,18.33,18.205,18.41,18.38,18.63,18.53,18.5735,18.53,18.74,18.87,18.95,18.97,18.927,18.775,18.54,18.52,18.39,18.32,18.3446,18.25,18.4427,18.32,18.4672,18.38,18.21,18.29,18.32,18.25,18.06,18.055,18.2,18.37,18.43,18.29,18.675,18.75,18.6,18.8279,18.87,19.06,18.84,19.05,19.6332,19.96
13.71,13.81,13.7099,13.575,13.64,13.7,13.635,13.705,13.79,13.64,13.67,13.575,13.65,13.515,13.54,13.545,13.56,13.62,13.61,13.66,13.7275,13.67,13.8,13.76,13.61,13.72,13.69,13.78,13.793,13.79,13.75,13.715,13.735,13.79,13.92,13.84,13.89,13.875,14.02,13.985,14.02,13.96,14,14.115,14.335,14.38,14.36,14.245,14.11,14.2,14.21,14.12,14.21,14.22,14.475,14.41,14.38,14.24,14.06,14.24,14.26,14.21,14.145,14.245,14.231,14.545,14.35,14.13,14.45,14.63,14.65,14.74,14.63,14.7467,14.6597,14.675,14.6524,14.7
95.18,95.3,95.81,95.6,95.595,95.45,95.415,95.57,95.545,95.08,94.75,94.655,94.99,94.87,94.76,94.43,94.51,94.76,94.67,94.44,94.52,94.25,94.72,94.805,94.68,94.895,94.69,94.67,94.64,94.36,94.05,93.855,94.29,94.36,94.47,94.36,94.41,94.31,94.79,94.43,94.27,94.37,95.125,95.29,95.725,95.545,95.5,95.5,95.29,95.2717,95.08,94.54,94.861,95.2701,95.56,95.23,95.105,94.69,94.22,94.59,94.61,94.585,94.565,94.33,94.56,94.76,94.545,94.08,94.78,95.5153,95.25,94.901,94.02,93.745,93.36,93.625,94.04,93.75
258.8,257.81,259,259.015,258.71,258.5,257.6843,256.71,256.27,254.82,254.6,254.36,254.93,254.68,254.9,254.39,254.76,255.23,254.655,255,255.01,254.85,255.86,256.365,256.6,256.755,255.59,256.301,255.76,255.04,254.405,254.3,254.295,254.415,254.925,254.66,255.205,254.74,255.51,255.3,255.37,255.18,254.5981,256.93,256.53,256.23,254.83,254.08,253.7,253.49,254.085,252.74,252.915,253.03,253.8918,252.98,252.4069,253.92,253.63,254.475,255.76,254.77,255.245,253.695,253.335,253.81,253.38,251.865,251.4,252.985,253.265,252.305,251.0143,252.205,250.82,253.63,254.93,253.11
199.01,199.01,199.39,199.31,199.57,199.2626,199.1,199.13,199.43,199.03,198.84,199.06,199.38,199.4,199.44,198.8492,198.95,199.5533,199.07,199.4,199.61,198.95,200.03,200.14,199.85,199.99,199.49,199.87,200.375,200.39,200.24,200.275,200.79,200.4637,201.11,200.505,200.2,200.4884,201.15,200.89,200.825,200.555,201.0858,201.05,201.085,200.8096,200.24,200.1354,199.96,199.96,199.595,199.21,198.64,198.6366,198.8847,199.09,198.71,198.415,197.7922,198.5699,198.98,198.91,199.0009,198.93,199.205,200.1568,199.73,198.26,199.905,200.75,201.2,201.155,200.43,200.725,200.13,199.7506,201.33,200.76
46.49,46.58,46.67,46.68,46.48,46.47,46.37,46.245,46.38,46,45.92,45.95,46.12,46.08,45.935,45.73,45.82,45.93,46.01,45.98,46.05,45.86,46.09,46.09,46.06,46.27,46.14,46.25,46.42,46.29,46.145,46.225,46.33,46.42,46.59,46.51,46.34,46.24,46.615,46.525,46.515,46.695,46.715,46.94,47.18,47.295,47.015,47,46.94,46.93,46.9702,46.79,46.73,46.87,47.03,46.8,46.72,46.48,45.9,46.04,46.06,46.13,46.295,46.07,46.27,46.61,46.62,46.34,46.1038,46.47,46.56,46.75,46.34,46.3,45.72,46.15,46.4946,46.23
6.15,6.1425,6.14,6.075,6.09,6.0805,6.115,6.11,6.115,6.055,6.035,6.035,6.06,5.995,6.015,6.055,6.0801,6.09,6.125,6.1319,6.1599,6.125,6.18,6.185,6.16,6.2,6.195,6.215,6.195,6.21,6.16,6.135,6.145,6.155,6.19,6.1397,6.14,6.1618,6.235,6.185,6.195,6.2,6.25,6.275,6.345,6.36,6.36,6.29,6.24,6.245,6.205,6.17,6.145,6.161,6.2216,6.245,6.265,6.215,6.2,6.145,6.14,6.075,6.035,6.075,6.07,6.12,6.115,6.025,6.09,6.165,6.16,6.215,6.19,6.22,6.057,6.065,6.211,6.42
263.4,263.3701,264.69,264.23,263.88,262.33,262.21,262.12,262.75,261.33,261.12,261.27,261.9,261.36,260.77,259.98,260.01,259.865,259.57,259.6305,260.34,259.3866,259.65,259.63,259.38,259.61,258.97,259.21,259.14,258.995,258.98,258.93,259.14,258.54,259.015,259.07,259.69,259.25,260.14,259.79,259.71,260.165,261.79,261.75,261.83,261.505,260.52,260.3153,259.2,258.78,259.26,258.48,258.91,258.88,259.97,258.5488,258.2301,257.555,256.69,257.18,257.13,256.405,256.02,255.9168,256.5,258.14,258.13,257.7077,258.24,259.41,259.575,259.67,259.48,258.93,259.85,260.64,260.8525,260.6674
180.14,180.135,180.42,180.06,179.97,179.87,179.2,179.16,179.095,178.205,177.83,177.8284,178.47,178.5012,178.285,177.53,177.745,178.26,178.29,178.18,178.4,177.865,178.4,178.19,178.31,178.65,177.84,178.15,178.15,177.63,177.25,177.14,177.71,177.26,177.84,177.21,177.48,177.415,178.17,177.92,177.89,177.85,178.1,178.53,179,179.095,179,178.53,178.31,178.6,178.425,177.2,177.0967,177.585,177.915,177.61,177.86,177.43,177.3,178.18,178.645,179,179.27,178.84,178.915,179.8,179.48,178.86,179.38,179.76,180.01,180.57,179.72,180.47,180.418,180.61,181.38,181.36
99.52,99.49,99.9,99.77,99.86,99.87,99.64,99.6,99.51,99.13,99.0599,99.07,99.3497,99.2,99.27,98.94,98.97,99.0248,98.91,98.865,99.22,99.02,99.4197,99.5387,99.56,99.33,99.15,99.32,99.055,99.02,98.83,98.77,98.92,98.8,98.8,98.6,98.68,98.81,99.02,98.9929,99,98.91,98.9317,98.94,99.27,98.71,98.235,98.1383,97.9585,98.01,98.0323,97.69,97.9,98.02,98.34,98.13,97.85,97.66,97.48,97.625,97.83,97.6586,97.78,97.71,97.46,97.79,97.735,97.71,98.12,98.32,98.61,98.96,98.62,98.9491,99.05,99.515,99.92,99.96
34.33,34.385,34.63,34.575,34.55,34.52,34.43,34.41,34.46,34.24,34.205,34.21,34.4,34.38,34.41,34.31,34.315,34.42,34.41,34.47,34.52,34.505,34.665,34.67,34.66,34.75,34.66,34.695,34.53,34.43,34.32,34.29,34.31,34.165,34.24,34.18,34.26,34.26,34.31,34.24,34.19,34.255,34.4664,34.545,34.63,34.57,34.5299,34.4,34.32,34.375,34.26,34.145,34.14,34.18,34.11,33.97,33.92,33.83,33.69,33.8195,33.88,33.91,34,33.84,33.91,33.99,33.96,33.7,33.8325,34.19,34.185,34.2,34.02,34.15,34.05,34.41,34.53,34.75
40.44,40.48,40.65,40.505,40.505,40.49,40.43,40.44,40.46,40.31,40.28,40.3,40.395,40.37,40.27,40.24,40.29,40.3464,40.275,40.24,40.2759,40.165,40.3435,40.41,40.35,40.35,40.32,40.34,40.42,40.33,40.305,40.2316,40.2098,40.11,40.21,40.18,40.19,40.19,40.375,40.345,40.274,40.18,40.24,40.32,40.4,40.365,40.23,40.33,40.31,40.3,40.165,40.15,40.29,40.17,40.12,39.96,39.96,39.84,39.8,39.84,39.97,39.93,39.955,39.883,39.82,40.05,39.995,40.01,40.0162,40.17,40.13,40.2066,40.07,40.27,40.185,40.3801,40.55,40.8
25.33,25.35,25.5347,25.52,25.45,25.42,25.28,25.25,25.33,25.1,25.03,25.04,25.175,25.08,25.1227,25.07,25.09,25.22,25.33,25.2337,25.28,25.145,25.31,25.33,25.28,25.3636,25.29,25.45,25.56,25.49,25.42,25.34,25.33,25.27,25.48,25.23,25.42,25.37,25.56,25.55,25.47,25.49,25.61,25.78,26.06,26.24,26.03,25.85,25.58,25.5704,25.56,25.27,25.415,25.3759,25.46,25.36,25.41,25.31,24.8564,24.9456,25.12,25.17,25.43,25.44,25.64,25.86,25.9,25.6493,25.999,26.26,26.335,26.6122,25.96,26.23,25.49,25.805,25.61,26.0243
80.53,80.525,81.15,80.96,80.92,80.97,80.68,80.67,80.685,80.35,80.35,80.34,80.57,80.475,80.41,80.2994,80.28,80.36,80.245,80.17,80.28,80.17,80.38,80.6,80.55,80.64,80.51,80.478,80.48,80.405,80.2615,80.13,80.25,80.14,80.29,80.26,80.37,80.4,80.75,80.7,80.7128,80.61,80.53,80.5499,80.59,80.38,80.36,80.535,80.42,80.41,80.29,80.13,80.18,80.17,80.08,80.065,80.04,80.0889,80.05,79.995,80.25,79.89,79.98,80.01,80.15,80.26,80.18,80.3,80.46,80.87,81.01,81.09,81.21,81.39,81.54,81.7,82.29,82.15
39.58,39.57,39.845,39.76,39.71,39.64,39.67,39.65,39.7,39.43,39.4,39.41,39.58,39.54,39.585,39.4844,39.52,39.66,39.67,39.62,39.7299,39.61,39.78,39.835,39.75,39.87,39.73,39.88,39.92,39.825,39.78,39.66,39.71,39.66,39.85,39.82,39.76,39.815,40.015,39.98,39.97,39.98,40.09,40.21,40.33,40.35,40.23,40.23,40.01,39.985,39.875,39.69,39.73,39.74,39.685,39.64,39.68,39.46,39.295,39.57,39.57,39.41,39.5,39.385,39.51,39.7,39.64,39.325,39.33,39.83,39.98,40.01,39.79,39.9706,39.66,39.78,40.29,40.51
165.52,165.24,165.05,164.9,164.8,164.24,163.52,163.3201,163.2519,162.73,162.7683,162.8,163.15,162.8725,162.91,162.65,162.7313,162.8669,162.7,162.755,162.995,162.515,163.065,163.36,163.28,163.48,163.1401,163.22,163.04,162.935,162.6972,162.56,162.695,162.6752,162.81,162.78,162.71,162.585,162.999,162.917,162.9045,162.92,162.99,163.17,163.175,163.2706,163.135,163.405,163.01,163.1514,163.31,162.87,162.9301,163.02,163.13,162.9,162.84,162.68,162.4186,162.93,163.38,163.09,163.1668,163.1228,163.165,163.6,163.59,163.44,163.8757,164.2526,164.31,164.08,163.57,163.71,164.035,164.485,165.2801,164.22
46.16,46.09,46.33,46.365,46.23,46.17,46.1099,46.035,46.075,45.81,45.78,45.775,45.9182,45.78,45.77,45.6,45.65,45.77,45.72,45.6701,45.745,45.5801,45.84,45.78,45.71,45.7301,45.675,45.745,45.5786,45.38,45.2715,45.32,45.4,45.44,45.48,45.41,45.46,45.35,45.605,45.605,45.45,45.43,45.54,45.84,45.835,45.755,45.58,45.555,45.37,45.345,45.33,45.19,45.065,45.12,45.4238,45.265,45.0867,45.07,45.0535,45.23,45.47,45.28,45.29,45.371,45.3168,45.53,45.3832,44.89,45.055,45.265,45.2,45.14,44.73,44.705,44.67,44.585,45.11,44.525
1.29,1.2805,1.275,1.27,1.2702,1.26,1.26,1.27,1.26,1.27,1.26,1.26,1.26,1.26,1.26,1.26,1.2688,1.2617,1.26,1.2551,1.255,1.255,1.255,1.265,1.26,1.27,1.26,1.2536,1.23,1.23,1.2436,1.2501,1.2501,1.2517,1.27,1.2636,1.26,1.26,1.28,1.28,1.28,1.28,1.28,1.2838,1.2801,1.28,1.2664,1.27,1.26,1.27,1.2699,1.2683,1.2683,1.27,1.2583,1.2401,1.245,1.25,1.25,1.25,1.23,1.235,1.235,1.23,1.2269,1.23,1.22,1.2117,1.235,1.25,1.25,1.2276,1.23,1.2096,1.185,1.19,1.1902,1.2074
396.58,398.91,400.2434,399.74,398.655,399.09,398.56,398.9336,398.75,397.1486,396.64,396.4521,397.53,397.14,397.5081,398.04,397.48,396.433,395.9093,395.2301,394.883,393.9107,395.11,395.73,394.99,395.1628,394.8522,393.675,392.895,392.5832,392.24,392.3367,391.71,391.3699,392.83,393.68,394.13,393.4243,393.95,392.94,391.67,392.8,391.42,392.075,393.345,395.42,394.71,394.6048,393.2597,394.3873,394.045,390.0348,390.0406,388.31,386.8,386.2456,384.35,384.205,384.08,384.015,384.01,384.64,383.21,385.0899,386.3,386.28,382.74,380.82,382.8501,382.81,383.29,382.035,380.03,380.04,378.95,375.5071,376.21,371.09
2.97,2.93,2.935,2.93,2.9379,2.925,2.935,2.92,2.947,2.935,2.94,2.955,2.95,2.935,2.9355,2.92,2.925,2.92,2.94,2.955,2.9339,2.92,2.925,2.94,2.92,2.9121,2.89,2.9216,2.945,2.9397,2.9206,2.935,2.925,2.9212,2.94,2.915,2.91,2.9101,2.93,2.905,2.9047,2.895,2.89,2.915,2.94,2.97,2.9401,2.895,2.88,2.89,2.88,2.83,2.845,2.845,2.86,2.825,2.835,2.78,2.745,2.75,2.75,2.75,2.7718,2.75,2.77,2.7701,2.755,2.7025,2.725,2.73,2.735,2.725,2.68,2.7,2.67,2.6599,2.6854,2.6808
84.43,84.5,84.85,84.78,84.86,84.955,84.64,84.71,84.92,84.5,84.38,84.43,84.68,84.63,84.72,84.45,84.4968,84.65,84.529,84.6113,84.69,84.5019,84.94,84.84,84.74,84.68,84.42,84.6588,84.71,84.69,84.6,84.55,84.7,84.5606,84.69,84.55,84.63,84.55,84.94,84.88,84.8345,84.95,85.225,85.3,85.36,85.27,85.1313,85.21,85.01,85.06,85.01,84.81,84.7,84.69,84.75,84.545,84.4113,84.34,84.19,84.495,84.5,84.29,84.31,84.24,84.32,84.67,84.62,84.42,84.64,84.93,84.96,84.92,84.66,84.89,84.63,85.01,85.5093,85.6257
11.51,11.4002,11.49,11.56,11.595,11.557,11.525,11.48,11.48,11.43,11.45,11.4919,11.5,11.57,11.5763,11.52,11.66,11.705,11.64,11.6853,11.57,11.5499,11.57,11.48,11.41,11.41,11.295,11.3003,11.295,11.31,11.2239,11.29,11.2785,11.1757,11.2401,11.24,11.11,11.015,11.06,11.02,10.955,10.9262,10.83,10.8001,10.66,10.79,10.71,10.85,10.81,10.7317,10.79,10.94,10.8019,10.7121,10.68,10.644,10.435,10.435,10.345,10.265,10.19,10.035,10.08,10.1,10.095,10.11,10.055,9.9,9.77,9.87,9.9,9.69,9.5,9.7996,9.87,9.7503,10.0516,10
269.92,269.79,269.89,269.78,269.5,269.5576,268.56,268.38,267.89,266.68,266.5107,266.73,267.46,267.3515,267.43,266.38,266.63,266.72,266.3899,265.98,266.315,265.5461,266.4338,266.2686,266.08,266.52,265.4449,265.3896,265.26,264.88,264.22,263.94,264.2,264.07,265.12,264.89,264.58,263.75,264.77,264.59,263.93,264.06,264.7,265.9126,266.15,266.24,265.675,265.73,264.3,264.795,265.365,263.91,264.0724,263.88,264.165,263.9,262.82,262.55,262.0499,262.6,263.48,262.785,264.1599,263.231,262.94,263.5396,262.42,261.2901,261.83,262.905,263.72,263.63,260.51,259.935,259.31,259.89,262.155,260.4628
4.89,4.88,4.915,4.91,4.9,4.91,4.875,4.86,4.87,4.85,4.845,4.84,4.86,4.86,4.88,4.87,4.87,4.885,4.88,4.91,4.91,4.89,4.91,4.92,4.89,4.89,4.87,4.9,4.885,4.87,4.865,4.85,4.85,4.85,4.87,4.86,4.86,4.87,4.87,4.87,4.88,4.89,4.9,4.94,4.96,4.965,4.94,4.93,4.91,4.93,4.92,4.89,4.91,4.936,4.97,4.94,4.92,4.8783,4.85,4.89,4.89,4.88,4.93,4.96,4.99,5.01,5,4.955,4.97,5.02,5.0399,5.082,5.06,4.99,4.92,4.91,4.9858,4.97
52.96,52.89,52.9801,52.95,52.915,52.9931,52.83,52.78,52.72,52.515,52.525,52.5,52.57,52.51,52.61,52.44,52.455,52.55,52.55,52.565,52.6,52.575,52.62,52.63,52.67,52.84,52.79,52.815,52.76,52.79,52.605,52.58,52.53,52.47,52.54,52.66,52.47,52.47,52.6,52.56,52.4848,52.49,52.565,52.63,52.6,52.595,52.57,52.64,52.62,52.67,52.69,52.55,52.5,52.5,52.64,52.6,52.52,52.48,52.485,52.77,52.83,52.62,52.5401,52.5703,52.6,52.79,52.85,52.75,52.735,52.92,52.95,53.06,52.77,52.86,52.73,52.81,52.92,52.8
7.83,7.815,7.841,7.8,7.7721,7.81,7.78,7.77,7.77,7.79,7.81,7.78,7.76,7.845,7.875,7.845,7.805,7.79,7.8,7.72,7.76,7.74,7.81,7.87,7.82,7.83,7.8003,7.78,7.75,7.6983,7.67,7.68,7.68,7.66,7.7,7.6644,7.76,7.7517,7.76,7.75,7.67,7.66,7.63,7.65,7.65,7.71,7.75,7.7,7.69,7.77,7.7407,7.6,7.6734,7.69,7.7058,7.7,7.7488,7.69,7.67,7.51,7.47,7.38,7.28,7.285,7.32,7.38,7.22,7.37,7.4912,7.57,7.4427,7.3381,7.44,7.16,7.16,7.3,6.9011,7.28
20.45,20.43,20.415,20.475,20.5,20.44,20.38,20.274,20.29,20.265,20.25,20.37,20.58,20.525,20.495,20.39,20.26,20.36,20.338,20.41,20.455,20.425,20.41,20.56,20.57,20.66,20.625,20.7,20.755,20.65,20.585,20.645,20.66,20.62,20.71,20.695,20.68,20.695,20.72,20.67,20.63,20.71,20.74,20.74,20.59,20.44,20.59,20.555,20.53,20.65,20.675,20.55,20.635,20.825,20.91,20.78,20.79,20.7899,20.59,20.61,20.68,20.695,20.84,20.7722,20.9445,21.23,21.185,21.115,21.25,21.105,21.08,21.13,20.93,20.953,20.9299,21.21,21.4732,21.5
6.71,6.695,6.685,6.665,6.665,6.655,6.66,6.64,6.66,6.6,6.59,6.59,6.65,6.62,6.64,6.63,6.63,6.655,6.63,6.64,6.655,6.625,6.65,6.675,6.66,6.68,6.635,6.67,6.655,6.625,6.61,6.58,6.59,6.58,6.62,6.595,6.61,6.59,6.63,6.62,6.62,6.595,6.595,6.62,6.64,6.625,6.58,6.545,6.55,6.57,6.6,6.555,6.58,6.595,6.615,6.62,6.56,6.54,6.51,6.52,6.57,6.535,6.58,6.55,6.57,6.635,6.63,6.575,6.6,6.725,6.645,6.61,6.55,6.525,6.485,6.475,6.505,6.5581
11.59,11.545,11.57,11.575,11.522,11.495,11.425,11.41,11.42,11.34,11.307,11.33,11.37,11.3279,11.33,11.3,11.3,11.4,11.4,11.39,11.415,11.38,11.4218,11.445,11.36,11.38,11.3424,11.395,11.4,11.42,11.345,11.36,11.36,11.42,11.5,11.51,11.5,11.535,11.55,11.6,11.63,11.61,11.61,11.5693,11.62,11.715,11.685,11.675,11.8,11.7098,11.635,11.4599,11.2651,11.215,11.225,11.2182,11.202,11.13,10.969,11.175,11.25,11.245,11.2731,11.28,11.3299,11.34,11.3,11.255,11.35,11.29,11.3074,11.38,11.43,11.4,11.2048,11.48,11.6219,11.55
41.42,41.405,41.49,41.44,41.435,41.42,41.36,41.32,41.305,41.26,41.3,41.32,41.335,41.36,41.37,41.305,41.355,41.38,41.41,41.42,41.47,41.35,41.38,41.43,41.37,41.48,41.55,41.5,41.47,41.455,41.39,41.35,41.36,41.405,41.48,41.47,41.51,41.525,41.6,41.61,41.59,41.56,41.59,41.63,41.61,41.57,41.55,41.615,41.5,41.51,41.51,41.57,41.52,41.45,41.44,41.32,41.24,41.25,41.06,41.095,41.19,40.84,41.39,41.49,41.57,41.65,41.79,41.54,41.605,41.9191,41.66,41.34,41.29,41.38,41.14,40.982,41.17,41.27
35.15,35.18,35.39,35.4,35.33,35.315,35.26,35.23,35.268,35.15,35.0955,35.1,35.195,35.18,35.185,35.1,35.1047,35.1186,35.079,35.095,35.145,35.09,35.2,35.28,35.23,35.27,35.24,35.19,35.21,35.12,35.03,34.995,35.07,35.015,35.07,35.07,35.1,35.07,35.22,35.2195,35.15,35.075,35.07,35.08,35.085,35.115,35.015,35.12,35.05,34.98,34.97,34.92,35.025,35.02,34.94,34.975,34.96,34.965,34.96,34.95,34.99,34.86,34.82,34.75,34.76,34.845,34.82,34.84,34.915,35.09,35.05,35.1636,35.195,35.3009,35.2425,35.3304,35.53,35.56
116.01,115.88,116.69,116.35,116.286,116.25,115.775,115.725,115.62,115.04,114.88,114.8513,115.28,115.06,114.79,114.59,114.5,114.4172,114.21,114.08,114.21,113.87,114.06,113.98,113.97,114,114.02,113.99,114,114.02,113.81,113.65,113.54,113.45,113.81,113.47,114.18,114.24,114.6,114.475,114.57,114.47,114.58,114.75,114.66,114.72,114.69,115.275,115.2,115.2,115.06,114.79,114.87,114.8682,114.96,114.825,114.73,114.73,114.83,114.92,114.875,114.32,113.925,113.93,113.85,114.13,113.88,114.06,114.07,114.07,114.24,114.0622,113.84,114.18,114.14,114.05,114.2875,113.9
106.01,105.89,105.68,105.23,105.29,105.21,104.79,104.515,104.64,104.15,104.045,104.22,104.49,104.495,104.65,104.18,104.21,104.3557,104.13,104.3031,104.4405,104.22,104.655,104.802,104.67,104.655,104.65,104.56,104.49,104.38,104.42,104.33,104.345,104.109,104.44,104.14,104.24,104.24,104.78,104.645,104.52,104.55,104.84,104.94,104.97,104.9,104.66,104.5491,104.08,103.9199,103.975,103.5,103.58,103.62,103.9355,103.205,102.97,102.73,102.53,102.78,102.855,102.95,103.28,103.09,103.29,103.4,103.48,103.56,103.93,104.34,104.77,104.75,104.09,104.39,104.7,104.6599,104.96,104.19
73.3,73.15,73.405,73.44,73.495,73.36,73.07,72.99,73.08,72.69,72.54,72.53,72.72,72.66,72.71,72.52,72.5818,72.7,72.67,72.56,72.58,72.39,72.65,72.68,72.64,72.73,72.53,72.65,72.69,72.6,72.47,72.44,72.62,72.61,72.89,72.72,72.73,72.5717,72.89,72.75,72.545,72.55,72.77,73.0401,72.92,73,72.61,72.6056,72.5,72.65,72.84,72.47,72.51,72.56,72.705,72.62,72.5,72.49,72.49,72.825,73.08,72.79,72.86,72.61,72.6,72.96,72.67,72.49,72.635,73,73.37,73.29,72.62,72.7,72.5,72.55,73.1012,72.7
203.04,203.01,203.27,202.98,202.7937,202.72,202.1499,201.9701,201.9746,201.16,201.02,201.05,201.54,201.3529,201.38,200.89,201,201.18,200.98,200.9,201.08,200.66,201.17,201.33,201.22,201.34,200.88,200.92,200.76,200.59,200.22,200.07,200.2,200.06,200.505,200.24,200.34,200.12,200.69,200.61,200.34,200.37,200.65,200.9721,201.05,201.14,200.82,200.96,200.315,200.59,200.72,200.06,200.1,200.08,200.285,199.84,199.43,199.21,198.924,199.37,199.67,199.34,199.66,199.43,199.49,199.95,199.715,199.345,199.855,200.54,200.6935,200.4501,199.49,199.72,199.645,200.12,201.08,199.99
10.67,10.695,10.759,10.73,10.705,10.7,10.675,10.66,10.67,10.595,10.56,10.55,10.62,10.605,10.61,10.58,10.585,10.62,10.63,10.62,10.645,10.65,10.67,10.67,10.63,10.665,10.625,10.645,10.635,10.585,10.565,10.57,10.56,10.525,10.53,10.51,10.52,10.505,10.56,10.565,10.54,10.55,10.585,10.63,10.68,10.68,10.62,10.59,10.57,10.58,10.55,10.49,10.525,10.54,10.565,10.49,10.49,10.435,10.4,10.485,10.47,10.48,10.54,10.51,10.52,10.56,10.57,10.49,10.52,10.59,10.65,10.68,10.62,10.63,10.55,10.58,10.69,10.83
1.47,1.47,1.4727,1.4756,1.475,1.48,1.485,1.475,1.48,1.465,1.46,1.46,1.49,1.4745,1.48,1.48,1.47,1.4759,1.47,1.485,1.49,1.48,1.49,1.495,1.48,1.475,1.46,1.475,1.465,1.45,1.46,1.465,1.47,1.46,1.47,1.47,1.48,1.475,1.48,1.475,1.48,1.475,1.47,1.495,1.5,1.49,1.485,1.49,1.48,1.485,1.4863,1.48,1.4886,1.5079,1.51,1.49,1.495,1.47,1.46,1.475,1.47,1.4805,1.49,1.48,1.49,1.52,1.52,1.51,1.5202,1.5482,1.56,1.5606,1.59,1.59,1.535,1.51,1.5353,1.525
96.51,96.23,96.54,96.66,96.7109,95.99,95.9,95.7924,95.94,95.801,96.065,95.89,96.41,95.9652,95.88,95.237,95.45,95.5801,95.3908,95.42,95.17,94.45,95.055,95.3,94.83,95.14,94.8299,94.2774,94.24,94.24,93.89,93.862,94.053,93.8269,94.23,94.14,94.59,94.715,95.15,95.31,94.52,94.395,94.675,95.09,95.0469,95.3547,94.9296,94.9486,94.44,94.625,94.92,94.34,94.12,93.9,94.31,94.19,93.75,93.32,92.75,93.18,93.29,93.59,94.4,93.9613,94.55,94.69,94.85,94.4,94.5499,95.7174,96.0124,95.72,94.48,95.33,93.33,92.63,93.66,91.35
4.05,4.0516,4.04,4.04,4.06,4.04,4.035,4.03,4.06,3.995,3.97,3.995,4,3.97,3.98,3.99,3.995,3.99,3.96,3.96,3.94,3.915,3.935,3.936,3.91,3.91,3.88,3.9,3.91,3.9,3.915,3.91,3.91,3.9108,3.915,3.895,3.94,3.93,3.93,3.94,3.9442,3.93,3.97,3.99,4.015,4.01,3.98,3.985,3.94,3.95,3.94,3.91,3.92,3.9458,3.95,3.89,3.905,3.83,3.81,3.87,3.89,3.87,3.9,3.94,3.9266,3.921,3.95,3.92,3.92,3.9866,4.03,4.08,4.07,4.0101,3.9281,3.86,3.9306,3.875
71.76,71.83,72.21,72.11,72.07,71.93,71.67,71.56,71.48,71.19,71.07,71.07,71.21,71.12,71.07,70.8722,70.85,71.0562,71.07,71,71.04,70.82,71.02,71.01,70.97,71.16,70.92,71.0972,71.14,71.01,70.81,70.6858,70.8,70.67,70.82,70.68,70.67,70.52,70.835,70.74,70.5535,70.595,70.76,70.98,71.22,71.31,71.26,71.31,71.09,71.17,71.1349,70.92,70.89,70.96,71.03,70.69,70.79,70.67,70.52,70.71,71.01,70.9599,71.18,71.095,71.24,71.61,71.5,71.27,71.47,71.7591,71.725,71.8,71.61,71.84,71.85,72.03,72.555,72.525
15.94,15.9,16.015,16.025,15.955,15.975,15.84,15.79,15.81,15.745,15.74,15.77,15.85,15.845,15.89,15.83,15.8901,15.93,15.925,16,16.015,15.935,15.99,16.035,15.96,15.94,15.91,16.035,16.03,15.94,15.9429,15.875,15.86,15.895,15.95,15.895,15.88,15.895,15.965,15.87,15.98,16,16.02,16.1,16.2146,16.25,16.15,16.12,16.04,16.105,16.08,15.97,16.095,16.1031,16.345,16.275,16.22,16.065,15.97,16.19,16.19,16.14,16.26,16.34,16.42,16.485,16.45,16.245,16.325,16.45,16.46,16.54,16.47,16.39,16.2903,16.3,16.4627,16.26
14.42,14.4299,14.46,14.47,14.46,14.45,14.45,14.466,14.44,14.432,14.46,14.46,14.4759,14.455,14.4501,14.4316,14.45,14.44,14.4278,14.4299,14.396,14.375,14.375,14.37,14.345,14.33,14.31,14.32,14.325,14.32,14.28,14.2901,14.295,14.2862,14.3587,14.36,14.34,14.3298,14.35,14.33,14.312,14.325,14.31,14.3385,14.305,14.35,14.3479,14.37,14.3799,14.355,14.36,14.37,14.3848,14.36,14.39,14.35,14.305,14.2715,14.24,14.24,14.21,14.2,14.21,14.215,14.24,14.26,14.2487,14.225,14.22,14.24,14.2301,14.215,14.132,14.205,14.23,14.2002,14.27,14.22
125.5,125.41,125.6,125.59,125.59,125.52,125.17,125.03,125.03,124.45,124.32,124.36,124.64,124.49,124.52,124.2299,124.35,124.51,124.36,124.32,124.43,124.16,124.57,124.57,124.52,124.66,124.26,124.37,124.15,123.93,123.7,123.65,123.73,123.7,123.99,123.79,123.84,123.65,124.125,124,123.86,123.9,124.22,124.59,124.41,124.37,124,124.05,123.71,123.89,124.02,123.52,123.59,123.67,124.06,123.84,123.5,123.5,123.34,123.74,123.99,123.82,124.01,123.79,123.705,124.11,123.97,123.44,123.59,124.12,124.18,124.05,123.25,123.39,123.1,123.55,124,123.22
13.54,13.55,13.59,13.5813,13.56,13.55,13.53,13.5164,13.52,13.47,13.505,13.5,13.54,13.54,13.51,13.505,13.51,13.52,13.53,13.55,13.505,13.465,13.54,13.625,13.66,13.68,13.565,13.6706,13.69,13.675,13.62,13.62,13.605,13.61,13.645,13.69,13.6,13.5295,13.58,13.505,13.4901,13.48,13.4967,13.57,13.5711,13.6,13.5271,13.475,13.36,13.36,13.3991,13.3599,13.3663,13.3137,13.285,13.24,13.185,13.24,13.19,13.28,13.33,13.325,13.34,13.335,13.42,13.46,13.42,13.335,13.3513,13.47,13.49,13.47,13.35,13.34,13.445,13.62,13.725,13.59
2761.35,2761.55,2769.77,2766.1799,2763.54,2761.9199,2755.1101,2753.99,2755,2743.6101,2740.6101,2740.6799,2749.1899,2746.49,2747.01,2740.6001,2741.8701,2745.45,2742.2,2741.8,2744.77,2738.99,2747.4299,2749.9399,2747.6201,2750.1699,2744.3501,2746.25,2744.6699,2739.73,2735.8301,2733.78,2735.48,2734.53,2740.8899,2737.1101,2739.5801,2738.49,2748.52,2745.8999,2742.97,2744.26,2749.01,2753.04,2756.05,2754.52,2749.3,2750.1599,2742.8401,2745.6799,2744.71,2735.47,2738.5901,2739.1599,2742.3401,2736.6101,2732.6299,2728.6799,2722.6101,2729.6201,2733.79,2729.97,2733.8899,2731.45,2734,2742.3201,2741.3501,2736.6699,2743.3701,2754.3999,2757.0701,2758.05,2748.6101,2753.51,2751.3899,2757.8701,2772.7,2766.8799
59.44,59.57,59.825,59.665,59.665,59.59,59.14,59.17,59.22,59.09,58.96,59.05,59.49,59.32,59.39,59.1134,59.27,59.4021,59.2199,59.18,59.28,58.97,58.98,58.9699,59.565,59.47,59.27,59.47,59.3,58.76,58.72,58.89,59.1,59.18,58.9658,58.73,58.3081,58.62,58.83,58.79,58.43,58.3238,58.52,58.686,59.14,58.9164,58.4,58.27,57.9299,57.725,57.54,57.13,57.0716,57.05,57.313,57.2499,56.91,56.71,56.2236,56.425,56.6,56.6,56.7327,56.5902,56.91,57.48,57.68,57.38,57.776,58.44,58.27,58.025,57.81,57.57,58.1505,58.02,58.4995,58.22
15.23,15.23,15.17,15.2399,15.28,15.295,15.43,15.47,15.4704,15.66,15.6901,15.6969,15.58,15.6197,15.61,15.7299,15.7022,15.66,15.71,15.7248,15.6818,15.78,15.6689,15.63,15.66,15.63,15.735,15.72,15.7501,15.8023,15.88,15.93,15.89,15.9289,15.8175,15.8807,15.86,15.91,15.77,15.799,15.86,15.85,15.78,15.71,15.6944,15.6662,15.745,15.71,15.87,15.8,15.77,15.92,15.91,15.91,15.87,15.97,16.0685,16.12,16.195,16.08,16.0136,16.095,16.02,16.07,16.0524,15.9401,16.005,16.08,15.98,15.8099,15.78,15.8301,16.06,16.0095,16.023,15.92,15.68,15.9399
50.89,50.82,50.98,50.86,50.81,50.78,50.73,50.64,50.77,50.49,50.41,50.41,50.54,50.4636,50.6,50.45,50.46,50.63,50.47,50.39,50.39,50.26,50.53,50.63,50.7,50.59,50.44,50.48,50.49,50.3503,50.22,50.16,50.19,50.2,50.38,50.2,50.18,50.14,50.3,50.205,50.12,50.1825,50.39,50.57,50.779,50.65,50.45,50.55,50.42,50.4,50.45,50.27,50.27,50.25,50.335,50.195,50.1176,50.3001,49.9,49.94,50.04,49.82,49.9094,49.88,49.815,49.85,49.75,49.84,49.66,49.92,50.13,50.4,50.14,50.1,50.16,50.07,50.4691,50.44
157.64,157.855,159.005,158.92,158.476,158.495,158.35,158.09,158.28,157.46,157.9589,158.12,159.01,159.01,159.25,158.82,159.126,159.74,159.295,159.635,159.71,159.1,159.95,160.255,159.71,159.695,159.695,160,160.07,159.768,159.41,159.58,159.6,159.3,159.73,159.55,160.171,160.29,161.18,161.141,161.01,161.675,162.45,162.56,163.019,163.34,162.7,163.2894,162.12,161.37,161.12,160.865,160.42,160.215,160.4,160.22,160.62,160.24,158.91,158.5169,158.96,158.97,158.99,158.84,159.2611,160.23,160.62,159.5348,161.11,162.31,163.84,162.9483,163.32,163.81,163.77,164.895,164.58,165.12
30.19,30.155,30.2451,30.207,30.19,30.195,30.125,30.125,30.135,30.045,30.01,30,30.07,30.035,30.0666,29.975,30.0015,30.025,30.01,30.015,30.05,29.99,30.05,30.075,30.105,30.12,30.0649,30.02,29.955,29.945,29.9452,29.94,29.955,29.995,30.05,29.985,30.02,30.02,30.125,30.09,30.0648,30.04,30.075,30.09,30.1564,30.18,30.115,30.1493,30.08,30.1,30.02,30.025,30.06,29.975,30.015,29.97,30.03,29.98,29.995,30.03,30.0886,30.06,30.08,30.02,30.01,29.98,30.11,30.08,30.145,30.27,30.31,30.33,30.29,30.36,30.31,30.4393,30.585,30.6343
10.33,10.35,10.35,10.325,10.32,10.3,10.28,10.265,10.27,10.23,10.22,10.205,10.2213,10.245,10.245,10.21,10.185,10.215,10.235,10.2464,10.255,10.235,10.25,10.225,10.22,10.25,10.215,10.22,10.245,10.24,10.215,10.1899,10.2099,10.19,10.22,10.18,10.16,10.17,10.18,10.18,10.16,10.125,10.17,10.205,10.2386,10.2247,10.1896,10.19,10.17,10.175,10.1395,10.115,10.12,10.12,10.14,10.12,10.175,10.175,10.11,10.1501,10.12,10.065,10.075,10.075,10.115,10.14,10.115,10.1755,10.2,10.265,10.22,10.21,10.08,10.14,10.08,10.04,10.12,10.06
104.69,104.72,104.99,105.03,104.95,104.81,104.61,104.64,104.49,104.23,104.09,104.14,104.29,104.15,104.15,104.01,104.21,104.15,103.8387,103.55,103.88,103.51,103.83,104.0199,104.12,104.29,104.17,104.18,104.015,104.04,103.7,103.595,103.61,103.7474,103.88,103.84,103.92,104.16,104.54,104.56,104.28,104.27,104.365,104.355,104.76,104.795,104.75,104.92,104.5,104.58,104.275,104.11,104.2,103.93,104.2,104.0101,103.75,103.44,103.69,104.06,103.63,103.62,103.61,103.535,103.54,103.8,103.64,103.035,103.18,103.745,104.29,103.92,103.58,103.7,104.02,104.08,105.04,104.265
47.85,47.935,47.925,47.88,47.89,47.69,47.75,47.82,48.02,47.86,47.8699,47.545,47.69,47.57,47.79,47.58,47.77,47.705,47.69,47.745,47.81,47.495,47.84,47.78,47.64,47.77,47.65,47.82,47.845,47.77,47.79,47.69,47.82,47.67,47.84,47.67,47.75,47.66,47.94,47.69,47.57,47.62,47.88,47.9505,48.12,47.985,47.8,47.74,47.51,47.515,47.55,47.52,47.67,47.76,47.95,47.8,47.76,47.815,47.57,47.84,47.64,47.51,47.53,47.47,47.33,47.66,47.45,47.4,47.485,47.77,47.82,47.95,47.87,48.01,47.56,47.86,48.28,47.85
6.56,6.53,6.575,6.5301,6.5028,6.5,6.52,6.44,6.4,6.33,6.32,6.255,6.33,6.27,6.24,6.1787,6.18,6.165,6.16,6.175,6.1864,6.1587,6.2176,6.19,6.17,6.18,6.18,6.2278,6.22,6.15,6.154,6.17,6.13,6.17,6.21,6.1764,6.18,6.22,6.262,6.2583,6.2471,6.255,6.26,6.28,6.33,6.3333,6.3001,6.2784,6.28,6.353,6.3,6.3,6.3393,6.34,6.43,6.3432,6.32,6.28,6.2285,6.3,6.28,6.22,6.2,6.23,6.335,6.3799,6.42,6.3666,6.3701,6.49,6.57,6.62,6.57,6.6662,6.72,6.675,6.6511,6.6101
163.9,164.01,164.07,164.16,164.13,164.29,164.145,164.0417,164.19,164.15,164.1,164.31,164.22,164.3,164.35,164.44,164.52,164.465,164.5,164.49,164.63,164.6663,164.755,164.771,164.88,164.99,164.965,164.865,165.02,164.99,165.13,165.15,165.07,165.13,165.19,165.18,165.22,165.09,164.97,165.01,165.17,165.34,165.45,165.36,165.25,165.34,165.23,165.375,165.225,165.37,165.71,165.52,165.31,164.945,164.72,165.15,165.2,164.99,164.93,164.695,164.61,164.55,164.57,164.61,164.57,164.54,164.71,164.88,164.8107,164.83,164.78,164.799,164.77,164.81,164.72,164.81,164.73,164.68
56.54,56.5427,56.74,56.4901,56.345,56.3,55.83,55.67,55.6799,55.02,54.9,54.92,55.33,55.18,55.1977,54.81,54.9,55.04,54.88,54.819,54.944,54.6118,55.0399,55.17,55.08,55.18,54.8,54.83,54.71,54.54,54.26,54.14,54.24,54.13,54.499,54.2776,54.35,54.185,54.64,54.555,54.35,54.39,54.611,54.87,54.93,55.01,54.76,54.87,54.34,54.55,54.6699,54.14,54.18,54.145,54.29,53.94,53.64,53.44,53.2,53.56,53.81,53.55,53.785,53.62,53.68,54.04,53.845,53.5662,53.95,54.53,54.65,54.45,53.66,53.85,53.79,54.16,54.96,54.08
651.03,649.28,649.68,648.84,644.72,641.45,640.21,640.02,641.81,638.4615,641.16,642.51,644.1554,642.0723,641.72,636.82,636.7272,636.86,637.94,638.855,639.48,638,638.4451,639.37,635.694,638.3911,631.57,631.721,631.67,628.845,625.7214,625.5,627.4634,627,630.3,627.5501,629.28,626.31,628.6979,628.89,624.3,623.885,624.4019,627.61,629.97,633.23,627.5,624.21,616.71,621.175,621.4394,614.2512,612.63,608.62,611,608.0074,605.4147,602.255,599.2918,601.51,602.421,598.4699,597.64,596.7695,598.698,598.915,599.2147,593.26,596.185,599.55,603.6625,595.3,589.1491,587.125,583.485,582.11,589.3079,586.19
95.92,95.755,96.01,96.05,96.02,95.895,96.1,95.7409,95.63,95.325,95.3,95.415,95.76,95.54,95.57,95.38,95.3,95.3699,95.655,95.66,95.7,95.27,95.465,95.35,95.01,95.25,94.92,94.87,94.7125,94.26,94.08,94.09,94.365,94.4,94.42,94.44,94.26,94.33,94.56,94.41,94.28,94.49,94.84,94.92,95.1,94.9,94.54,94.5,93.85,94.07,93.9798,93.55,93.48,93.3507,93.52,93.32,93.035,93.15,93.0217,93.09,93.4,93.36,93.5,93.145,93.635,93.59,93.45,92.91,93.66,94.58,94.52,94.45,93.74,94.03,93.49,94.14,95.2587,94.0601
27.21,27.26,27.245,27.2259,27.15,27.175,27.11,27.0799,27.115,27.0309,27.09,27.0973,27.24,27.2059,27.17,27.13,27.1401,27.195,27.135,27.14,27.17,27.04,27.125,27.1999,27.14,27.2,27.13,27.16,27.145,26.955,26.74,26.79,26.83,26.8,26.92,26.855,26.94,26.82,27.015,27.05,27,27.015,27.0898,27.1837,27.18,27.24,27.15,27.14,26.93,26.95,26.875,26.72,26.8261,26.755,26.73,26.775,26.605,26.5,26.295,26.4,26.4,26.4,26.46,26.5063,26.54,26.7,26.73,26.775,26.76,26.92,27,27.09,26.68,26.85,26.7307,26.845,27.1624,26.803
45.55,45.3371,45.02,45.185,45.4259,45.37,45.6701,45.785,45.5599,46.08,46.2701,46.31,45.8,45.97,46.0143,46.4699,46.275,46.06,46.22,46.29,46.2999,46.4,45.67,45.6099,45.81,45.4,45.98,46.045,46.25,46.61,46.64,46.62,46.35,46.155,45.811,46.01,46.02,46.01,45.47,45.5228,45.58,45.52,45.08,44.7,44.42,44.635,44.985,45.105,45.5,45.295,45.6697,46.0873,45.9299,45.7701,45.5,45.91,45.95,46.1901,46.6599,46.065,45.79,45.89,45.75,45.7643,45.7299,45.17,45.3699,45.7671,45.1598,44.36,44.0262,44.02,45.09,44.7744,45.06,44.6101,43.5099,43.902
13.11,13.115,13.13,13.115,13.125,13.13,13.17,13.185,13.225,13.2002,13.195,13.18,13.15,13.17,13.155,13.1,13.08,13.1,13.06,12.91,12.97,12.98,12.91,12.8821,12.92,12.94,12.895,12.89,12.94,12.915,12.9704,12.93,12.97,12.98,12.96,12.95,12.89,12.94,12.9,12.9299,12.96,12.947,13.0101,13.035,13.06,13.03,13.0693,13.01,12.98,12.9999,13.07,13.07,13.0894,13.01,13.07,13.07,13.03,12.97,13.11,13.18,13.31,13.3134,13.43,13.4399,13.475,13.45,13.47,13.46,13.53,13.55,13.535,13.55,13.55,13.5426,13.54,13.58,13.5,13.42
263.24,263.36,263.6,262.925,262.49,262.85,262.89,262.895,262.92,262.55,262.64,262.66,263.29,262.305,262.645,261.86,261.706,262.125,261.48,261.74,261.7515,260.62,261.4716,262.205,261.915,261.83,261.31,260.944,260.375,260.285,259.13,259.3947,259.94,259.17,259.64,259.45,259.66,259.07,260.4,260.456,260.65,260.82,260.88,260.8,261.16,261.425,260.79,260.805,259.51,259.74,260.195,258.56,259.21,259.71,260,259.97,259.46,261.105,260.49,261.115,261.16,260.86,260.66,260.86,260.85,261.13,262.28,261.8,262.41,264.37,264.07,263.405,262.12,262.14,262.45,261.98,263.67,262.482
146.9,147.09,147.34,147.4,147.17,147.25,147.11,147.35,147.71,146.8388,146.6925,146.25,146.88,146.82,146.64,146.21,146.35,146.55,146.345,146.02,146.49,146.19,146.6738,147.15,147.11,147.3662,146.9,146.935,147.03,146.34,145.73,145.49,145.42,145.58,146.16,145.51,146.02,145.99,146.48,146.3,146.055,146.06,146.57,146.9,147.18,147.22,146.785,146.405,146.11,146.18,146.23,145.46,145.89,146.02,146.24,145.955,145.78,145.5382,145.2,145.37,146.02,145.715,145.63,145.1616,145.835,146.33,146.74,146,146.1,146.9,147.075,147.14,146.64,146.88,146.96,146.096,147.5,147.19
4.92,4.925,4.925,4.93,4.9299,4.918,4.9195,4.9199,4.9099,4.88,4.885,4.885,4.9,4.875,4.89,4.885,4.89,4.8878,4.8655,4.95,4.9184,4.91,4.915,4.935,4.9,4.9086,4.9001,4.96,4.94,4.925,4.935,4.93,4.93,4.94,4.94,4.925,4.93,4.9499,4.9586,4.9393,4.96,4.96,4.965,4.995,4.967,4.96,4.97,4.9604,4.95,4.96,4.945,4.9595,4.955,4.969,4.972,4.925,4.93,4.9268,4.91,4.93,4.9,4.89,4.945,4.9445,4.9701,4.98,4.985,4.955,4.965,4.98,5,5.05,5.01,4.9798,4.9795,4.935,4.95,4.929
1,1,1,1,1,1,1,1,1,1,1,1,1,1,1,1,1,1,1,1,1,1,1,1,1,1,1,1,1,1,1,1,1,1,1,1,1,1,1,1,1,1,1,1,1,1,1,1,1,1,1,1,1,1,1,1,1,1,1,1,1,1,1,1,1,1,1,1,1,1,1,1,1,1,1,1,1,1
47.8,47.99,47.89,48.07,48.66,48.53,48.89,49.2,49.26,49.74,49.74,49.64,49.43,49.51,49.52,49.7,49.62,49.54,49.69,49.62,49.5362,49.76,49.57,49.4499,49.62,49.56,49.78,49.75,49.9,49.9999,50,50.15,49.93,49.97,49.76,49.81,49.81,50.03,49.55,49.48,49.45,49.47,49.4227,49.255,49.08,49.21,49.36,49.31,49.81,49.74,49.63,50.03,50.0099,49.91,49.8399,50.0627,50.32,50.46,50.78,50.34,50.02,50.11,50.01,50.089,49.96,49.68,49.61,50.03,49.6,49.23,49.03,49.02,49.36,49.25,49.51,49.13,48.23,49.26
169,168.75,169.18,168.87,168.69,167.9802,167.95,167.73,168.2,167.56,167.48,167.58,167.98,167.92,167.77,167.7,167.65,167.84,167.87,167.988,168.39,167.73,167.74,167.7998,167.815,167.9859,167.845,168.005,167.73,167.8,167.665,167.85,167.7601,167.895,168.21,168.04,167.99,167.84,168.34,168.235,168.1745,168.345,168.86,169.01,169.11,169,168.18,168.4025,167.8091,168.06,168.046,167.1959,167.39,167.42,167.9,167.46,167.25,166.99,166.63,166.6882,166.99,166.97,166.97,166.794,167.33,168.32,168.265,168.33,168.5632,168.99,169.05,169.02,168.89,168.875,169.14,169.89,170.05,169.5698
8.56,8.56,8.56,8.545,8.535,8.535,8.52,8.505,8.545,8.495,8.485,8.495,8.55,8.535,8.545,8.545,8.56,8.59,8.545,8.545,8.54,8.51,8.53,8.535,8.52,8.535,8.47,8.485,8.485,8.465,8.46,8.445,8.455,8.445,8.47,8.44,8.46,8.45,8.47,8.475,8.48,8.47,8.48,8.505,8.52,8.495,8.465,8.465,8.46,8.485,8.5,8.455,8.475,8.485,8.505,8.485,8.43,8.42,8.395,8.42,8.43,8.42,8.445,8.465,8.47,8.54,8.54,8.485,8.495,8.565,8.55,8.51,8.45,8.43,8.385,8.39,8.44,8.395
41.48,41.73,41.55,41.7,41.93,42.07,42.45,42.58,42.61,43.05,43.16,43.15,42.82,43,42.94,43.25,43.28,43.1,43.23,43.27,43.26,43.52,43.21,43.11,43.25,43.19,43.47,43.4,43.51,43.7,43.85,43.98,43.92,43.92,43.65,43.85,43.75,43.79,43.35,43.44,43.66,43.58,43.35,43.15,42.97,43.14,43.4,43.39,43.64,43.54,43.59,44.09,43.95,43.99,43.88,44.2,44.45,44.67,45.03,44.64,44.43,44.56,44.35,44.5,44.45,43.89,44.04,44.31,43.9,43.32,43.35,43.32,43.76,43.63,43.83,43.53,42.88,43.26
49.77,49.42,50.06,50.18,49.945,49.91,49.8,49.84,49.83,49.405,49.16,49.18,49.13,49.3,50.04,49.91,49.88,49.96,49.93,49.82,49.9351,49.59,50.03,50.25,50.23,50.125,50.17,50.4358,50.365,50.07,49.89,49.765,49.77,49.995,50.175,50.15,50.16,50.03,50.345,50.35,50.26,50.31,50.3508,50.5699,50.83,51,50.7589,50.37,50.24,50.275,50.275,49.95,50.135,50.2,50.26,50.12,49.9333,49.8,49.13,49.301,49.72,49.615,49.99,50.17,50.38,50.755,50.875,50.6846,51.1205,51.5005,51.39,52.15,51.65,51.11,50.52,50.3739,51.1383,50.767
40.71,40.7597,40.7,40.78,41.12,41.06,41.25,41.445,41.46,41.745,41.74,41.6711,41.56,41.61,41.6,41.72,41.66,41.6152,41.7,41.67,41.62,41.76,41.67,41.58,41.67,41.64,41.78,41.75,41.83,41.87,41.895,41.97,41.85,41.88,41.77,41.79,41.8,41.92,41.63,41.605,41.6,41.6,41.58,41.49,41.3801,41.45,41.54,41.52,41.8,41.755,41.69,41.93,41.905,41.87,41.83,41.94,42.08,42.1988,42.37,42.1065,41.92,41.98,41.92,41.9613,41.89,41.72,41.73,41.94,41.6999,41.48,41.36,41.34,41.55,41.48,41.63,41.42,40.93,41.5
56.67,56.655,56.98,56.885,56.84,56.83,56.66,56.67,56.7,56.535,56.51,56.47,56.621,56.54,56.57,56.44,56.4727,56.53,56.48,56.45,56.5231,56.39,56.51,56.63,56.65,56.66,56.58,56.57,56.57,56.515,56.4961,56.415,56.41,56.44,56.565,56.56,56.66,56.645,56.87,56.89,56.94,56.85,56.86,56.86,56.88,56.9,56.805,56.875,56.92,56.945,56.9163,56.88,56.93,56.795,56.88,56.86,56.96,56.8633,56.87,56.99,57.07,56.96,57,57.0336,57,57.07,57.09,56.99,56.965,57.07,57.075,57.15,57.11,57.2,57.1419,57.23,57.58,57.5054
43.72,43.74,43.83,43.73,43.61,43.7,43.57,43.45,43.535,43.4,43.24,43.165,43.54,43.26,43.25,43.15,43.25,43.46,43.33,43.3,43.25,43.085,43.37,43.45,43.41,43.43,43.27,43.48,43.45,43.3,43.08,43.05,43.28,43.22,43.37,43.28,43.34,43.3,43.495,43.36,43.36,43.4,43.58,43.715,43.92,43.88,43.695,43.7583,43.37,43.46,43.5001,43.16,43.07,42.925,43.2231,43.11,42.98,42.99,42.9,43.13,43.21,43.095,43.17,43.0565,43.18,43.27,43.25,42.85,43.18,43.53,43.725,44.02,43.61,43.76,43.67,43.825,44.2,44.235
31.4499,31.53,32.02,31.88,31.9,31.87,31.84,31.825,31.86,31.67,31.575,31.63,31.67,31.7,31.755,31.701,31.629,31.6335,31.73,31.7797,31.87,31.87,31.96,31.975,31.86,31.925,31.88,31.915,32.06,31.8617,31.7795,31.745,31.755,31.76,31.8,31.755,31.77,31.74,31.93,31.925,31.85,31.845,31.97,32.065,32.21,32.095,31.98,31.92,31.9,31.965,31.865,31.67,31.91,31.936,31.885,31.885,31.78,31.595,31.445,31.7,31.76,31.791,31.91,31.83,31.79,31.9763,32.105,31.86,32.07,32.42,32.4037,32.37,32.13,31.96,31.815,31.965,32.215,32.54
125.34,125.28,125.61,125.34,125.21,125.02,124.59,124.68,124.8,124.59,124.35,124.31,124.56,124.33,124.42,124.3531,124.26,124.26,123.9,123.7505,123.82,123.41,123.68,123.9,124,124.29,124.2,124.16,124.03,124.1266,124.02,123.7934,123.93,123.87,124.06,123.94,124.24,124.07,124.52,124.0899,124.555,124.145,124.11,123.99,124.09,123.94,124.3407,124.8438,124.53,124.4582,124.39,124.435,124.17,124,124.0807,123.7001,123.72,123.615,123.68,123.5,123.61,122.71,122.58,122.5215,122.63,122.65,122.89,122.93,123.25,123.3293,123.84,123.85,123.71,123.8,124.23,124.1803,124.25,123.24
69.21,69.2875,69.505,69.44,69.17,69.28,68.9459,68.89,69.27,68.8,68.7,68.69,68.96,68.96,68.95,68.428,68.75,69,69.08,69.155,69.12,68.88,69.38,69.3199,69.41,69.57,69.35,69.44,69.79,69.5105,69.21,69.55,69.81,69.81,70.3413,69.69,69.84,69.47,70.0137,69.83,69.42,69.74,69.435,70.035,70.4944,70.8984,70.08,69.21,69.15,68.624,68.4,67.715,67.72,67.7,67.91,67.5,67.3101,67.1,65.73,65.86,66.04,65.93,66.07,65.92,66.3444,66.7628,67,66.51,66.56,67.19,67.5,67.78,67.34,67.47,66.7215,67.735,69.0213,68.01
6.78,6.795,6.89,6.895,6.91,6.885,6.885,6.8772,6.905,6.885,6.88,6.88,6.93,6.93,6.94,6.94,6.96,6.955,6.955,6.96,7.025,7.005,7.015,6.98,6.99,6.98,6.94,6.95,6.94,6.8911,6.91,6.915,6.92,6.895,6.94,6.95,6.95,6.915,6.935,6.94,6.91,6.92,6.925,6.975,6.98,6.995,6.95,6.935,6.92,6.98,6.94,6.93,6.9018,6.905,6.93,6.86,6.831,6.78,6.72,6.73,6.71,6.7165,6.755,6.79,6.845,6.89,6.87,6.77,6.845,6.935,6.9006,6.855,6.83,6.845,6.775,6.76,6.815,6.83
83.31,83.38,83.46,83.26,83.32,83.26,83.08,83.07,82.97,82.8,82.77,82.82,83.05,82.95,82.81,82.62,82.67,82.755,82.64,82.61,82.6,82.39,82.71,82.87,82.82,82.85,82.655,82.57,82.4,82.28,82.23,82.12,82.27,82.29,82.5,82.39,82.47,82.4,82.585,82.55,82.59,82.59,82.72,82.79,82.82,82.72,82.4,82.48,82.23,82.26,82.22,82.02,82.15,82.23,82.19,81.99,81.936,82.065,81.88,82.01,82.37,82.13,82.22,82.14,82.21,82.34,82.35,82.17,82.58,83.12,83.07,82.94,82.69,82.67,82.785,82.96,83.3,83.3
33.8,33.755,34.0075,33.995,33.91,33.91,33.74,33.73,33.815,33.59,33.565,33.555,33.67,33.58,33.67,33.625,33.6436,33.76,33.73,33.8233,33.86,33.695,33.82,33.9325,33.77,33.81,33.67,33.92,33.97,33.76,33.7284,33.655,33.6133,33.66,33.77,33.665,33.71,33.69,33.795,33.72,33.7503,33.75,33.835,34.02,34.18,34.2,33.98,33.91,33.8,33.82,33.765,33.59,33.67,33.73,33.93,33.84,33.71,33.583,33.3,33.52,33.6,33.54,33.79,33.89,33.96,34.12,34.21,33.93,34.055,34.278,34.355,34.615,34.44,34.18,33.87,33.77,34.1656,34.22
22.53,22.5638,22.72,22.69,22.6495,22.629,22.59,22.585,22.59,22.48,22.44,22.45,22.54,22.505,22.51,22.47,22.48,22.54,22.545,22.545,22.5774,22.55,22.62,22.645,22.6,22.64,22.58,22.6,22.59,22.53,22.515,22.51,22.515,22.5,22.56,22.53,22.54,22.54,22.63,22.61,22.57,22.5677,22.63,22.68,22.74,22.7,22.66,22.63,22.59,22.62,22.58,22.49,22.54,22.55,22.54,22.505,22.48,22.42,22.34,22.46,22.49,22.48,22.53,22.49,22.53,22.61,22.64,22.545,22.6,22.74,22.77,22.795,22.69,22.74,22.65,22.74,22.9,23.0299
61.39,61.4027,61.6101,61.56,61.5199,61.54,61.415,61.4,61.45,61.16,61.07,61.06,61.25,61.22,61.26,61.13,61.2,61.27,61.22,61.18,61.3,61.15,61.39,61.41,61.37,61.44,61.26,61.29,61.245,61.085,60.99,60.95,61,60.96,61.15,61.04,61.14,61.1,61.35,61.29,61.23,61.28,61.42,61.54,61.64,61.59,61.41,61.32,61.13,61.27,61.175,60.97,61.07,61.12,61.2849,61.17,61.08,60.995,60.84,60.96,61.13,61.01,61.12,61.175,61.275,61.48,61.52,61.33,61.5,61.8,61.93,62.06,61.79,62.02,61.93,62.02,62.475,62.35
85.4,85.35,85.45,85.33,85.27,85.1101,84.87,84.78,84.78,84.42,84.36,84.37,84.6,84.495,84.53,84.32,84.374,84.47,84.39,84.39,84.47,84.28,84.51,84.57,84.55,84.61,84.41,84.43,84.36,84.28,84.16,84.1,84.16,84.11,84.28,84.21,84.23,84.13,84.4,84.31,84.24,84.26,84.43,84.56,84.575,84.55,84.36,84.44,84.16,84.28,84.35,84.06,84.12,84.14,84.2801,84.1101,83.95,83.86,83.72,83.92,84.08,83.94,84.06,83.96,84.0302,84.3,84.25,84.1,84.3,84.6,84.66,84.64,84.24,84.33,84.3698,84.61,85.02,84.57
57.7,57.7,57.97,57.86,57.845,57.78,57.64,57.63,57.65,57.43,57.39,57.41,57.58,57.52,57.475,57.39,57.3999,57.43,57.295,57.24,57.29,57.17,57.34,57.4099,57.408,57.45,57.3794,57.415,57.36,57.32,57.2549,57.24,57.2629,57.22,57.37,57.28,57.43,57.4,57.63,57.59,57.58,57.55,57.64,57.66,57.675,57.66,57.5921,57.74,57.63,57.605,57.52,57.41,57.42,57.41,57.4247,57.27,57.27,57.27,57.28,57.34,57.42,57.24,57.18,57.19,57.195,57.33,57.28,57.36,57.48,57.6,57.68,57.66,57.59,57.73,57.81,57.94,58.07,57.93
58.9,58.97,59.07,58.92,58.89,58.925,58.73,58.725,58.8,58.42,58.4,58.34,58.59,58.48,58.555,58.42,58.46,58.6,58.55,58.51,58.54,58.47,58.745,58.85,58.85,58.98,58.78,58.86,58.8,58.75,58.65,58.745,58.81,58.9308,59.05,59.065,59.14,59.21,59.45,59.56,59.43,59.43,59.61,59.605,59.695,59.57,59.49,59.61,59.4601,59.5,59.53,59.27,59.27,59.21,59.185,59.055,58.99,58.88,58.72,58.83,58.97,58.91,58.88,58.815,58.731,58.905,59.08,59.12,59.38,59.46,59.63,59.53,59.51,59.76,60.02,60.2,60.45,60.15
93.96,93.93,94.24,94.1201,94.105,94.055,93.825,93.81,93.84,93.53,93.47,93.51,93.76,93.64,93.64,93.38,93.35,93.4299,93.27,93.25,93.32,93.15,93.41,93.592,93.6,93.61,93.47,93.46,93.36,93.22,93.08,93,93.09,92.98,93.18,93.03,93.12,93.0999,93.41,93.35,93.36,93.34,93.42,93.43,93.51,93.42,93.25,93.41,93.15,93.14,93.15,92.9,93.01,93.05,93.04,92.955,92.87,92.91,92.75,92.905,93.02,92.74,92.785,92.77,92.89,93.08,93.2,93.08,93.36,93.7,93.82,93.85,93.74,93.85,94,94.15,94.64,94.48
18.55,18.56,18.65,18.64,18.61,18.57,18.54,18.54,18.58,18.51,18.49,18.51,18.59,18.59,18.6,18.55,18.59,18.63,18.61,18.66,18.67,18.67,18.75,18.71,18.68,18.71,18.63,18.63,18.65,18.59,18.58,18.61,18.61,18.56,18.61,18.6,18.53,18.53,18.6,18.57,18.54,18.5,18.52,18.56,18.5752,18.585,18.54,18.535,18.49,18.53,18.47,18.45,18.44,18.45,18.48,18.42,18.32,18.26,18.18,18.23,18.23,18.225,18.28,18.33,18.36,18.45,18.365,18.22,18.27,18.43,18.38,18.25,18.13,18.27,18.2,18.205,18.47,18.53
42.76,42.6997,42.9749,42.8,42.685,42.73,42.5681,42.54,42.58,42.33,42.37,42.38,42.53,42.4,42.49,42.49,42.51,42.655,42.59,42.715,42.815,42.593,42.73,42.88,42.6,42.665,42.525,42.8,42.92,42.61,42.5835,42.48,42.46,42.525,42.59,42.4349,42.54,42.5,42.64,42.58,42.52,42.54,42.68,42.8889,42.98,43.0285,42.7,42.655,42.44,42.419,42.35,42.2399,42.275,42.365,42.51,42.46,42.38,42.3161,42.03,42.31,42.46,42.34,42.56,42.6349,42.775,42.95,42.94,42.7181,42.88,43.04,43.36,43.6598,43.535,43.1801,42.73,42.325,42.96,43.44
41.9,41.95,42.18,42.2,42.11,42.06,41.85,41.84,41.92,41.58,41.44,41.39,41.54,41.42,41.56,41.52,41.54,41.64,41.57,41.67,41.63,41.48,41.65,41.75,41.55,41.56,41.3209,41.7,41.69,41.46,41.46,41.4,41.31,41.35,41.45,41.37,41.47,41.52,41.67,41.61,41.69,41.72,41.86,42.11,42.37,42.37,42.1,41.98,41.81,41.91,41.79,41.54,41.63,41.73,42.02,41.79,41.82,41.49,41.05,41.34,41.47,41.42,41.775,41.88,41.965,42.16,42.3,41.88,42.11,42.57,42.72,43.09,43.04,42.65,42.05,41.96,42.5869,42.15
33.22,33.29,33.33,33.29,33.24,33.26,33.2,33.165,33.195,33.03,32.97,32.9,33,32.91,32.905,32.815,32.88,32.92,32.9,32.9,32.945,32.85,33.02,33.01,32.99,33.07,32.98,33.01,32.97,32.92,32.86,32.825,32.89,32.94,33.04,32.96,32.97,32.95,33.1,33.05,33.02,33.02,33.17,33.31,33.38,33.39,33.33,33.27,33.12,33.16,33.04,32.96,32.97,32.95,33.08,32.99,32.95,32.84,32.69,32.79,32.81,32.71,32.665,32.65,32.7,32.83,32.81,32.63,32.81,33.11,33.13,33.19,33.04,33.12,32.97,33.03,33.24,33.21
19.09,19.14,19.1001,19.125,19.12,19.05,19.095,19.065,19.0501,19.13,19.12,19.1101,19.08,19.0501,19.08,19.07,19.17,19.14,19.13,19.076,19,18.96,19.1,19.13,19.05,19.18,19.01,18.995,19.05,19.02,18.89,18.94,18.84,18.87,18.96,18.935,18.98,18.94,18.95,18.98,18.98,18.91,19.025,19.11,19.0701,19.12,19.02,19.08,19.02,19.1,19.08,19,19.11,19.1001,19.1,19.11,19.1001,19.21,19.26,19.25,19.29,19.275,19.275,19.3,19.29,19.32,19.415,19.28,19.2,19.31,19.28,19.38,19.265,18.97,18.87,18.9,19.135,19.151
